SET NAMES utf8mb4;
SET time_zone = '+07:00';
SET SQL_MODE = 'NO_AUTO_VALUE_ON_ZERO';
SET FOREIGN_KEY_CHECKS = 0;

CREATE DATABASE IF NOT EXISTS `elearning_db` CHARACTER SET utf8mb4 COLLATE utf8mb4_unicode_ci;
USE `elearning_db`;

DROP TABLE IF EXISTS `cart_items`;
CREATE TABLE `cart_items` (
  `id` int NOT NULL AUTO_INCREMENT,
  `cart_id` int NOT NULL,
  `course_id` int NOT NULL,
  `price` decimal(10,2) NOT NULL,
  `created_at` timestamp NULL DEFAULT CURRENT_TIMESTAMP,
  PRIMARY KEY (`id`),
  UNIQUE KEY `cart_id` (`cart_id`,`course_id`),
  KEY `course_id` (`course_id`),
  CONSTRAINT `cart_items_ibfk_1` FOREIGN KEY (`cart_id`) REFERENCES `carts` (`id`) ON DELETE CASCADE,
  CONSTRAINT `cart_items_ibfk_2` FOREIGN KEY (`course_id`) REFERENCES `courses` (`id`) ON DELETE CASCADE
) ENGINE=InnoDB AUTO_INCREMENT=23 DEFAULT CHARSET=utf8mb4 COLLATE=utf8mb4_unicode_ci;

DROP TABLE IF EXISTS `carts`;
CREATE TABLE `carts` (
  `id` int NOT NULL AUTO_INCREMENT,
  `user_id` int NOT NULL,
  `total_price` decimal(10,2) DEFAULT '0.00',
  `created_at` timestamp NULL DEFAULT CURRENT_TIMESTAMP,
  `updated_at` timestamp NULL DEFAULT CURRENT_TIMESTAMP ON UPDATE CURRENT_TIMESTAMP,
  PRIMARY KEY (`id`),
  UNIQUE KEY `user_id` (`user_id`),
  CONSTRAINT `carts_ibfk_1` FOREIGN KEY (`user_id`) REFERENCES `users` (`id`) ON DELETE CASCADE
) ENGINE=InnoDB AUTO_INCREMENT=3 DEFAULT CHARSET=utf8mb4 COLLATE=utf8mb4_unicode_ci;

INSERT INTO `carts` (`id`, `user_id`, `total_price`, `created_at`, `updated_at`) VALUES
('1', '3', '0.00', '2026-05-31 15:28:05', '2026-06-20 01:21:36');

DROP TABLE IF EXISTS `courses`;
CREATE TABLE `courses` (
  `id` int NOT NULL AUTO_INCREMENT,
  `title` varchar(200) COLLATE utf8mb4_unicode_ci NOT NULL,
  `slug` varchar(255) COLLATE utf8mb4_unicode_ci NOT NULL,
  `description` text COLLATE utf8mb4_unicode_ci,
  `thumbnail` text COLLATE utf8mb4_unicode_ci,
  `price` decimal(10,2) NOT NULL,
  `discount_price` decimal(10,2) DEFAULT NULL,
  `level` varchar(50) COLLATE utf8mb4_unicode_ci NOT NULL,
  `category` varchar(100) COLLATE utf8mb4_unicode_ci NOT NULL,
  `instructor` varchar(100) COLLATE utf8mb4_unicode_ci DEFAULT NULL,
  `duration` int DEFAULT NULL,
  `total_lectures` int DEFAULT NULL,
  `published` tinyint(1) DEFAULT '0',
  `enrollment_count` int DEFAULT '0',
  `rating` double DEFAULT '0',
  `rating_count` int DEFAULT '0',
  `created_at` timestamp NULL DEFAULT CURRENT_TIMESTAMP,
  `updated_at` timestamp NULL DEFAULT CURRENT_TIMESTAMP ON UPDATE CURRENT_TIMESTAMP,
  PRIMARY KEY (`id`),
  UNIQUE KEY `slug` (`slug`)
) ENGINE=InnoDB AUTO_INCREMENT=24 DEFAULT CHARSET=utf8mb4 COLLATE=utf8mb4_unicode_ci;

INSERT INTO `courses` (`id`, `title`, `slug`, `description`, `thumbnail`, `price`, `discount_price`, `level`, `category`, `instructor`, `duration`, `total_lectures`, `published`, `enrollment_count`, `rating`, `rating_count`, `created_at`, `updated_at`) VALUES
('1', 'Lập trình Web toàn diện với HTML, CSS và JavaScript', 'lap-trinh-web-toan-dien-voi-html-css-va-javascript', 'Khóa học này sẽ đưa bạn từ con số 0 trở thành một nhà phát triển Front-End thực thụ. Bạn sẽ học cách xây dựng các giao diện web tuyệt đẹp, tương tác mạnh mẽ và tương thích mọi thiết bị di động.', 'data:image/png;base64,iVBORw0KGgoAAAANSUhEUgAAATYAAACjCAMAAAA3vsLfAAABfVBMVEX///9jpxQAcLrlTSYAAADr6+vxZSiJzxcpqN///v////1ZoQDe7c/fQQoAZbPN4+/429Wfn59rrxIAc7ooqd/xYStlqhCGzQAAbLkmot7xYB5UsuCbxHbs8fTp6+1cl8Q1gLrpmHVxrC3lWhj79+3wkmy54n/lSB7qyL+rq6vifWUAaa7f7fS50OORkZFjY2M0NDTy4tvR0dFPT09CQkKU0jK6urqCgoJ1v9/ExMS20ZsfHx/nSynpraVubm57vxjd3d0vLy/w/v/oVibgPwCvzYnm7+DeWjrpfE8AbL4SEhKJiYna7MvnpZEAVqNQmQDok3x5sTiEtU3quKhDi8ajyn12q9KLulrF26mNudmcw9babk/lZ07njHIdj9HudDyu32bh8cOw2ubI5Z293oby3Nryz7f0WgDJ3Lfy6vMcks+V1DPy++TswbS14PHn9s2x3nDbTi32v53W7LDsp4af1EuHy92vyOD85dNnvuQXcaruil1xoMq/1qeVz+6MdXGAAAAWI0lEQVR4nO2di1sTxxrGF2KU3SQbNCFskATEaBCCNV4oxUgx3OQcUoEAiuKtelQ8oKVWRav+7Wfu+81mNtnApO15nn1Pj0LCDrO/fHN5Z75ZDSNUqFChQoUKFSpUqFChQoUKFSpUqFChQoUKFSpUqFChQoUKFer/VJOnkaLoi1n8xU/G1dNQpnEJ/zXr/uhVI3cZ/XWpZcFyQYYhfXvJiErfX22/4rPswlmpoNn2CzqSfjiBhGt9CX9xmf4lZBq38V/XST1P0J+I4r+utCxYLsgwpG+vGVel71t/Cg2aJBeeNn6SCvqp/YKOpFbYrojbug6xXW9Z8N+D7QhheyQFw3Yix98IsRERbLO8GpeN02psM/y2/+HY/tJG+sPMzMw1CmX20uQkQXdlcnLyksB24trRsF2/RuViu3YdaUZgu4m/vzLZfsW92G7jgm7/pdEmdJm8FqUBQXTlxAnPT7SFzeUxe5MW8KP0PvyJ9sSx8fbxr78q0Ij+MmyGyX7V7Sj9nnOcOVrFBTYRuD+2vEafgmC7TVvozPGwibjgHRDneCV6lIq72IwcHeRPXDOPUtCRFAgbeWHmp+NiEwF2mX3v4RhMOSLzkovNMC6zgmbbKeg4ItguXb169bI/tpvk/sxJgO3mzA9Yp/0Lprf1w49UhoH//PfMCd4wZ/H3l/lA0wa3nPQ5n2YF8b5k9ugk2pKYt002w4b+umRAbOL2fdWpCYjpwfbPcAlYCmxXrxn/F9j+LpeApcCGFWJzdU3C9m/yGjHtrNO/SW8a65+Bzdu3/T2NNIqFB24Tf5Ejr5Evo+B9w305x16iyvkXbEahpKvw9/Lb7cwcpAtzxygoVKh/siwUzJZGGaZloD/0VM5EhaEaWvpqaJomqp6GmpGi9AkVZ+i7TVIUKhPU11N97+20eBuT04HNsLSUAoozTW1F4oLMxps/lvRQQ59nuVefyqha1aRGVdGHUFiJ65Ol5UNFbX1sPqFL8zWErfSLPW5r0i8lFL4rd2PaNKKrkRqrxYguJeqoxOp4tzaNV1EF92Jd2rSmZUTA2GoasY2ijqia0kbNGTf0Yout68GGQrae0IetF9dqWBu27mFcx4I2al2Ze3oGGIRtXyO2Mp4IbujDtkEmDSPasMU29QylqJBejdgKuFJDTgAgTpCm7Hy18HR3PRMokpqLYpvWNANBE5BA2Ob6mmqO/hSZo24FwdadbS5C1dkik7d7QTq3M6eai3CL3deHLdCQ0HeyqQi24hKZhG8HwZbqSTcV+SH7AanhoA5sNNpWNA0JqOsI1P4CYXtIHOQnOxC25qLYJrC9Mjb1YYtrmoAgC7mkA1sFYxsjTmhCA7YsxZYkNzmtAdvP5Ifu7hl6uKFPcydIKw2ArVJcJWNMUgc20tDtEqnjfY3Y9KyA4ELGNGGLJGq4QKukLdqcErnJFW3YRiyyVHZsmaiUR1qwoUKKddzmjVywIaGp3pAyxqvEeMe1YVsz9GDDqskzkEob2PirfeQy5K2QrKrEx4dhKp1Whxl5Of2Y/hDtiWR35TOJa4HtDPkhTd6KSHJXRR8N+Ali6yXYjAAzWae7Rz0Dyfag/zi2YVrBQkyiFsuo1jbO9PsIYEPeSp8kd7UzptYFHz3h2CLEWxFBU+oM++isj7I4DCk2Z4OWJ7mrkc1BpTYvqvUUYEPeSp9650Gw1XLRaK5RvrlAFwYAtoJBWhVwV46dVJSG5VNeqSeLGykh7wzRNmWtgZa5jiqjkl+X9YyGG7k2tmBomoAgIXcl+rPiai6aD1wr1L3eIdjmaJ9o0Vq57irVvTyhvEm8QUrFiuLfJUm09XBvRe8Ruqs1n/KUnwMaUd5DbPc1IcMqgEZafKT+LP2wWbSREmzIW9GaQndlf/LDptavdEwg2Oxt9iJ0VyOL7WAzjOcQ22sNuETZRXfwLI6pg80Hm1E4KbBhb0Vr+gBM3Ozt9rB9RNjSHNsDFm0LcExYVFdQiQ3V+gXEtqKDF9cBwLbTDjYUqecBtjH8Coo24K4cZ6s9bFO4Z+OW9FeGTXJX8TawIW6/QWx7x2YFBN3VEq9GPi9VT4nNNMoQ2yp+Dd0odFcBsEl7SVOkkXJLyrBBdxWL55XcZGxsgwqZgqf97mxXLzborg7K6nDz2f/tHQDYaqzCrrtyupeH8AegkJsNIG4S6yzEVmLYXkNsr1uHL9mYZtg+uCYh01XQiQ26q+J/1NGmHLZN4+Urgo1eWmc1rYIhwdnwGWMANrhyeJZ6K3ptld19XMK2G1V9EjmYC2CwGEad7w3ZkmoU3LtK9HJsUTiBy/tcWhfTtkqkuM+xgS0/Z9gXGxeODXE/yCSgMYFiS1XZ69BdxabVEzeZiMWjba8fRNuaTmqSu0qM5jm1R9AlnFPrDpztjrKqGl+ATUgNqTUFlSRXmoh4j2tJnWF296bkrkbWRpT67w2gZ2yizLFRS6rTWyF3BWxCYl9gSwTwpCeBt5ovc2zS3pWjVHcW2PfsW3KhaVqlNBlJubdiQRNky+/MqX7XuPe/M1hd4i62TGxQK7ZRiO1WnjdSadW36cKRZEnRrQbYu5IWjrJJeo+WlUzjVsqibYg7IeSuAmAD6hdDJvNWGYJtQSs2uOWH3BUPt4fF4NjImji7R9P42h62dE+JYkNzFwQNYXP3regb621iO7XH856At8rEpnVSs8oyNh5tY4GxzdG5ixj0A+xdydiqHPhbuuBGsW2zPBfLuNcuNjHKPO+UJUW1hROQMY4tt9oWtkpkhy6couput14W92Djk9PvWXdJHHkrji3A3pWE7YZILLroNlLN3sqwDgC2hzzYcrX2og15K4ot0Jaf1LedJdXA2abfwU4C8lb85hfaw9b/gV3p8VZxrdgM2PkvFTi2W4n2sD0iPRHeTQiwd+XBRjL7UbROUWwk1QF7K6vRXQXBdlH0ip3zVqZkSg/KbCjN1dvEVjPoxLx9bFMWw2Z9htFWMmhbMyV3FQTbC968obfquqs34RaZUrAGwt1VbhRO3M6r1Ud2YfB1lcQtlgRlGSUnBf3VuEpZdwsm/ZHGBpq3MW+Fr07ZVVHBAFt+ErbnvHnL3korNFNKqGTuKo/+VwYqKPU7NAn7rDxLSqh0hnIllapAfBfONAA25K1EFQNkBkrY3vMS904BbOtasclbfolR7hJaLxwZtYE+F1uv+zrcuxouKD2pa0PFZAHdalpgS/F9q4AJlRK2Z3zHAHqrzD2N231YkindpzOQXfkuTcVhA8P4A0ZbmTU19P9h0Ea/5PKqtSi4AMK3fE1qSXseY2x834qsvbeJLW6yIoG36tLsrUzkrkDfVlMuMKijDexbVeYL7oc5BHaVx0tRJTZFPSyAjXgr9oZltKQmY9vjJ3HewWnbguZoa9jyC4rtT4AtAerkxaaQEluJYhPeSmBrbUolbCJjQdq3mtaKzYQJlRXhroJgc/etIpE58DpMqLSTyvXixsJQe03SdREyDot9K+KuWuahQmw3xDy5Y/tW+MMsQGxjwbFZcNq2BN5AplSAsyeCY3sLsT0A77VOqITYPohN5BeySdB7ylTlrnyxgXMk0nbfGKjUA8cNN4St6ZBANxNIycjJi9muY0+I4swA7gpg6/9NXHmxg9gsY8mduBV3ojnFUj38heJrabvvEfiJX20X2/J2rtw02vhAith9ZNiYt3J/YeuESojtorjS4610YkPVBUtrxYP9UYV6D+lhtMPew0Pxyw8HGrwVleSutiZUAufRSmLaNgWxlUQFg7griO25qMgHgK1LqyXF2Ny9q0qkWFSdQhPL4K9enRfbZi8pNjptq4GMOymh0lEdQht3F8WzH2lXZAlvhbA5qWWIrbW7gtjeiys9+1ZaJyDguBqiFlEKWPkn4pfvvwImoQ5KrI6DRopn/KlUSk4QBFY++5Z2l4jOWbKV8IYsgIwLb4U+18W2sD3jV0JvlVnTcygSCLirylykwgQzKwG2O+KyOvRWo7DnAFY+hb4mmy7drbGRbKP0Y4zN+QI/19buCmJ7J7BBk6AzlZLWCrgrFG+8YaqXKQcuiAslb9ULawXclePYdM3DtgE7iI33/Sbf7iPYhkEFPe5KpFBm1NhEJ/auc94KTw1HpVytW0z1g6IK2zlx5TmPJXXDDe5dbVXpmkeutLWsxFZiV1rVLMA2BCsouauRaa51Fbb+U6LzfQaxbepLCWS1ct1VZY4mVOI5Qm5Hga1voEavMiRvFSkWYKUAtuWvbAkkH91WY2MLR6bsrb6KwnCfBN3VSDSf38Wzot3NjALbqRuiIu89llQ3NhFtFbp3ReanuTElNtr342HpiUiljOBUSlAp4K6coajApmykPQJbEmID3sqSEyq7+NwvD2bBEJu40rNvpXdIkI+ruQmVuUfKRvqS34sFsS1JlQKAQBYI2JoB2NKGybC9hamUrrfCjXRQlRmY/6bC1v9UXPmic5aULBOq3dWqCturQ45N8lY7Bgw3AMhJiXTgCSW2swybZUkZqBOghrK7isV3aYm7r5XYXG/VyX0rfJpxSZUZmLuVqFQasA0cctqeVEo4LYLH1VIl1kajwjw4GFuaHk3o+cxdrrxLmoQ1lNxVLM5d7ooS2wsBW/JWi9oOwPDypeNqB1FWq0U0L5ljczdx3uXkQIFCM5m3YiPCqmG61bKSNlxw422qZNNuC42UONrSPdmebDY7xXlbfLuPYCvBGhr3wWRDZAbuxt1XATbqrXB14L4VtqR6rbwpJVQWy2wVe3d/vtgQbQPMW5ncWzFsNSm7D7orO8mjrfQFT91SopHSA0QfLc7mcxpEm4wNuqvYNz4k7N2NsePcAlt/v4+3wqmUuue78t7VLu+M9ld3InTWS7ANvDp54Xe+ZWDJ2OrSZwndlU2PJuDszNLE9oZjO6yRokhLT73FszaWBYG8FSJJ963sqjTuSQmV03kRbtP3RmIxga2//9SHF89E3q60bzVi6XuMkMEI4MQFHlg8MxDfaS5arq8uFRPFvoGB83f+OBRrY7hanu0+0HVY8GEg4mgCndWUJraGx+1uhOzzRxxRINEWW1KW3Nadckdm/IWcUBnNuwUuriysd5EzV6duXHy2B1bvLCmVcl03NiScuCCw7XvXxnprYzvnXsr5wqgKHm8F34RbfsveEx2FXPLB0Pe3Vc9dWAY5kiCOqUnvwoTK2AJY98zjHmXx2+Da0+fv2OElXp7Z4K10Y4PH1RJ16SZJEm+U1MjzeCuPt5IIbICJW8OJDpxOTdOSpfuoAmz8vJUoEUzbYoPe5eLd3V2TPLAJHk62ZG+1YGg6uQwkmdJaLu+5yXyUPOgN/lrUsv+E+c5SLEoJlcqjCXkcrp6BrUSmbeyY2lfPPQJ3lVlXFJjzfgjoQ5a8ldacQKZez3E10ADoV+ypggQYT/W4A7BF5CpLe1dDUnDk6YY/eUAey29hM+Ukxeb1VlQwodJzXC1PCiUJ5xZb8aRL7c8hNq05gUzSKb+xahT2uUQiMHDImeR5H/CYWuRAKk46ruZsWPQTkE46wB826XobTKW0tz3RpjClUnnuKRh3a6eT3oqoEAGNdGf0P8gP7eZhzcAoadF5beEl8FaRHak4UzqulnqQzHluUt7wozdZmoLYPnlqKCVUvl7M7e7yMGvERnsT693TDnor+quWwBH5SuJg7FavfKMcG2tXh7//eXIAWtJHcnHAXaGws53hrxOlnA82XGQ1+R1N4+j0l82RPV0VdFeZWNe96Xh0F8Zvzv3d+I+997/d4LaBm4QOaEd+skAxkdhZ3S/nRNo4n1ohlV+eeyKOJEjH1FwQlrt3RdfHHbt7YzuZa8CGkZW+f8ZnllnCW1aN7RuMtgxe4R0Z/Bb3NFKW1PbuxQc88+2Hs92Y1vNWXDAzkJErJiJjtV7WhbNsKuvwjzsAmejbEjW5ONXDQBzHTn39VGKreaz7qb6d8jyi4Q3zVp7JgmLLLxaLrS+g9kqn0Wyjeu/5bzfEgwXAbHekI9hUj1ok2wpLq/UyG0nL9QsnPcxO8lTKulycVW3EhvssZ9ne2CJmC99i8vtZ3jK92JyqB9s75SZMJkba62I0j6Ot8OzFBxmZi21N95yNyOdRixXyhIud2mjh5R9PGpFxbG4qJaNmGur0Xbzv5yx3D20nS28/44Mb6Z5sVsYmPQLEle/eVSaD2+vrvfhzgswLTXirTlDzPkOFQ0P/kQMuifPuASuZmspb4Ttu+jAQx6Hby6xHg/HmPgLEg83vuSmsvWYaooyLplJq3rdi2k+onzbD5ZspTme7Hm+Fom3YacaNre6m+eKRWEVKp2lO4Ib3McVWU2zNnjrTke0+JphQ2TY2vEbnxdbiuJriGUdkqbenRzwCxGO91o6Kje9bdULl+abU1Nj6+ubm2PsNzy5s8ahF9aOhsm8ep3gqpXcltsUTKn2w/XxGPJWyEyq0eEJlIzaOjPR9Sx4b3fLcVaoh0nqyj93+UBxTc9XiCZUKbD//fMbt/DphSRG2hnlbU2z8GZ5MFdlbYdP6yfZ7mBbHRtpkmjZNHGbsDeatLMOzHNciM9CLjYcZx9YJb4W3/Jo/xa2vMcyA8FMpZWzGxHJ3s8E05Y4DLjIaaBgd3u6TS2yVGXjGHxl5DNdeR+ZtxsP5YjNwfQ29GQ80PD2ZX/UsKlpG8hd72RcajzbUMt/gIQDk1DjIjS3b5JiaVKLx+m6sGbgzipYpqKErO2JJTavQW3tYnPft4frUYYaRHYzVy5Y87uFvqxNbKdv2a6ipnoYwY9gce3hromp4Fv6Rc9q7PzgiJRk1YmsIsy5qwTZX9jT9Qwke0bWg0dUlnp/l6ermWG9GX6a7zsi1IgPRSw7heSrFVh5LD4a6bSmUOLUUGQDo9yJjECHrHnpQEkuN8HOlS3LxabzdokJ3xgdZ1+D9jgSaTM46rI8dJMhufKWiHCXwy3NkjWTp0T6ZrjXZtLVw0A2joEtBaN74ou/azvB2supfFisQBF3GL/QyPMwW4pbhDVzdIv9UCvobtdedBD4VGVGDm8Nh9vBWL6tMk50Nto5e+vS1W26vML0ylUqhziy1NVFil/iWxglYe9P3Yk16ugxGNrL5Gi96mBr/lRWfWrmPujHKKOiKykECvbq0OloQVJpnCNANKvRHchsFnfJfoHDs8Y3tJP3ZljeIIZDyCiuba+rmigaAzPp0nG2NWU0+By0ixeNNM56SgQaJ+QQNORJ2lQrOIscDAP1xugHYrFYWR0t+qDrxNWW7YYZnaGjQ/IIHAJdv05tknxP/pai9dnmCDjFbW3jG19ZMvVkfgWWOrqKerliZw8eKEgk2ABxNtL1uD42zQWJ52XbIAHD0EvEgsbBOgi5D5xmD3zo0QWuvVjjo6mNoZpI4WCUDwDFSAsi/5oQ+CjJI2PYwbZnHaUQ0mvZeb47gBOj16RVL7IP9fSINgnYko3WS/mGQ9nHkWlnkH/uyyMwEt0zPmaujlGfRGYAV/0bnGceroBaRCYnJviCP6SDcjthfsDwlshdPO0e3qKNiY1eSjAE2WmjO/QsVKlSoUKFChQoVKlSoUKFChQoVKlSoUKFChQoVKlSoUKFC6dT/APgH1miNO6bTAAAAAElFTkSuQmCC', '129000.00', '99000.00', 'BEGINNER', 'Web Development', 'Khánh Nguyễn', '1200', '15', '1', '1', '4.8', '32', '2026-05-31 15:00:17', '2026-06-19 19:57:20'),
('2', 'Lập trình PHP & MySQL từ cơ bản đến nâng cao', 'lap-trinh-php-mysql-tu-co-ban-den-nang-cao', 'Làm chủ ngôn ngữ lập trình Back-End phổ biến nhất thế giới. Tự tay thiết kế và vận hành hệ thống Cơ sở dữ liệu MySQL bảo mật cao, xây dựng dự án website bán hàng thực tế.', 'data:image/png;base64,iVBORw0KGgoAAAANSUhEUgAAASwAAACoCAMAAABt9SM9AAABPlBMVEX////pewAATmL//v/8//////0ATmHoewD//v3regDpdwAARlzncwAATmDqcwAAQFb++/GqvMLvwI4AQFnlfggASl/kdAAAQ1jncAD67NjX5eYAO1Ltq291lqDn8PH+9urwxpsAPU/317fokzzO3OAAQ1AATGUAO0sAR1gARFsAM0pkiJIsY3MAO1FVd3wAPlmct7vC0trkghUAMEzutH8SVWcAJkSWqKv448j00Knnm1L67t7a4t/P1tPl6+m3wr9wipAbUlcASVN4kY6Zq6Wntrc5ZWyKnqC4xbs6ZmRlhIMTWG1NfYu0zM6LrLM6bn9EeYVefoZ4Xy6PaTHTw67qoVsAJ0DljC5GbHaDn6uoyM5vj5jvypt+oKnpmkHxx5DiiQv118HwyqrtpnD337vnmVjpsIHwvHy5cBfNfRmHEhpkAAAWkklEQVR4nO1diX/aSLJuULcuJCQOAcKyOE3AYAfLOBHg2LFnnOybiY/sPkJmYmfeZJlk9///B14fEgYMMRmDLRJ/v5iA0PlRVV1VXd0NwCMe8YhHPOIRSwIHRBH/J9LX8S/wH/cAdxRYIOS/se39FxT7B7btbeQAmnXgjwm0f/jzy+2jjcJWAUPTyOvG8dH2Tz8fHjxSxUD0C+2fvHx1XEhHDMMIj8MwIgmtcLT9+vCAKinWxx9TI5khOjj55biQiEyyNMFZVSvs/fQPopYQ/phsAbD//FVBixg8/1Wqwny4wvNG5OnG9snBQ9/y/cOTqf8pVCvhcGWcl2uo/gcV78Pz+C9Se7J9SCzYD2TFEATgxS8b6TGaCFN8WMXg8RveCJP/xtmjGlnYe72PzwEf+iHuDfDwVcFQbxjzWi2RiFT5X39tNBq/7hmRdI0Y/UlG1Wph+8VDP8F9gHpM6OfjhKES4SEUMQOeThuNN1fN03LWhh5sO7vz+1n9nMffRajY+XpqRLZeHRLnTPzejT06OdYq11KlhiOJdKN+tmPPUiw7G1s/N7QqP9IO8JWtV0S6vnOyDo8S2HIPH9vQ1DfN7GwD5AU60D5db2iREeOPjdf2/n3d9AMAa+D++7UKfVRiunnCVIw6T9jfpP+mHsWJkASOsHzVqEZU2khSyTSe/GKDG7Hk9wFsr15v+ea6QoTqvGnfftgoYHl9TzNwg+mdJHJ8spx7fWhw4MVeTfW9qkrEqJfh3zA6drOhGZURXfzu3FSOGKWftqjrhN1x1UgbV1iovjVy4URCLty5SGO6eOa2RjZOSLv4PVl6DmSPar6PzkfUq2/UvzGIANOlVnyNLry9y8mCiJOC7y6otfS6PZLB+nZAbNNPG+lhMFQ9+o58VATQS99hN4y1iywQuTsGdwjAJu+LKl95cjKjKV1BHLxK+1IQ2Ttd1HPZ9ad+s6iuvfxeYuv9Y8OPhxMfbAAXEwNjck5/TfieiLb9HUTWuB18USBeJA4GK1SsFtVwEUmyP6Q9X8SIvLJnubUrAwhOt6hUYY3R3iy42cK8n5IcK72Acby/8qp4usUMi1opnC36l0e4Sc2e1yhZfKWysdqxIgKxLZX+8ryhnoK7toGTgDhqFGE9EWberlHNAriywoXA4RO/FWxkl3aZs6csK6ZW/tldYU18UajQBEGlemEv7TE40HxCrXzln5KTW9JFlg0RlDfCPM1dJbbh8pKa2BDGElisMFeC3NfvEhs8GDhwsEFDHKOi1Zed0oythY1/SYIkRDsIraLHBY+MCm3UtTpcclYAgebmvyRJEEJS1Fo5s0V8hO0ajw0vzyfqYNkdC/hy/xsVJCmEoeRXrZAEa8LrBGuhIhcLim9uQTwjCIQtKeXex+UWCt9xjzSWaNuvwSEYj0oCES05uWpNIjyu0C4cQ72nkA17o18UqoeS3FstNQTbEZYkr5Xv64rYUPWUEEUmf18XXQhONJb0XYvdY1ECzJVkSpYkmPd20bvDLrD+BO3DQhSCuZm3OpscNKmJx2artEJ91dtMrrBxX8jpRHu93pzD9iGxnSE2Xgql8nBVcluHWyx8TmcX44zCRi28u1ufJxS3qNnC/ml3Jfx4bGiPaQaL15oLUobybhaW3+yunbELwNkihnSHmCysiD2wAolT/CivabcLb7xfVHLpYHOHhOWNzcZFvUma19lSA4sK9baIa7oK/sNBgfVQaVkgLuh+3+4R3uH6m/O93d1GbLbI4AtacpJoYrS08FzjMvBLhKZl0lcLK59CdhrHl+xs2St198KeRRcSQTfJnC2luAJZ0/0C7aMP79kLa72RWH4Xo+9IgZF9tanFZu8M88w1lforkNh6yzqKE78v0B1F4GyL9AwdxiCHhSrb2K3PPDnS+8zZUtqBbxD3Sa1MWDXOiUosDnDvN8CJ2U0iUghbr82GPUPJOVhMMc+0H3jJehlRqXU/XfB5z6rEYJ81vY9NzNbUHwObeNGLejLFBd/DYgGB/YTVi75a9Kmz78pYaLzUGPZPmrszwgOI4EDxgp5A11Ai8JoVyWo7Cz4zBxpXgBs6A4gkkt9DOMU7ILXjTLQExQ201YLHrPLgfNHNtgiaYTi+4WrzavqozWurZQWarEONCdZXmva/C/vduBkU4fnmDPkV/QYxqQeZrbdswMTeMu7xSp3IJGQ14thPEWEI8tHgew8HtLfeqF4t4+R2+AKOU3O2ewWmpWIgyAmCl9cKLk5qKkvNLOHcHMg+G1c7Ee6l7Wm2EZt/SxGoiQ9qylSE4D3tgq6cLyc5svNu8kdoPmlO3ROAQYqKVjQf0N58BOwCdbK0WU9wR/x2PmGBRDvdmO7Hc7ojBTq/jMBJmmphwV5GT6EIGpPJRA6sb86KFFrE1RIkrIeBdExFsG3QrsKLpaTdRHutTKbKGD23mN06n743cokXL4Si7YCOeYUbzMlqLidHmd0liQdxxA/F7+q70zsmh3r472BKFiizFGktuxyyymsk55cdiXAwWeWti6k7i8CSA+2XPiceqWo0ltQLVd60RdyGjOYU8dvzrfK0XBCCbSVEGsRMQJ0H2luoRj4s6fRZ4jm89bp4htjZfDNN0UTQVZjz0F7S7dwNcI+StYy4kJ1fOwV2xFAn1Or91AYRIdSn3dOyFUijxXp11KW47xTnH7Aqru81ybhDH9ivf7L1ZoeUeY8ZSryHZ7ScQNoslnFQlxJEUzS34OlmLKaNjtPAbWN2PfyscTrZqHAgz5JaKX1Z93MXvK5Sst4s6/w4FKyfbZ5CdX1kI0cSgnCn/qw+mWWGLk1qCZlAFgK+pS7pcjIOBCIoa5tVG6viFNeqvFctj/fXw65Mu6aDaeGPaJnR0uw7mQ3KbmaxX3K6N+3L9XfjzjBHyh4wWUp8aTf09wGPeRIZphedfR8FkRzEgZ31aV+W1d/GN9BMvEBLRIIFERywOqP08kd3Y5t+OplMsHeaz6+ejac7vOawv6iKi4VBBC/WWFHWvQyFPyiPEdA8L2xuhs/Xx6U6znLLSRQ0TwvrBuur+PV+yjHGBav+9Pz05sQ/7SjN0gi54OW0YmnWCTa67UYn561EIjR2zE2fDQIo4mBw/Au7SnrAJ6fC+JNVASrd4JH1nBaEGKNuFgfs2Hr9asSlx06R/Vt9PWaL02cLERECyBwUr9GlGayc+2exOCgOBkW3i/BZkI6/cn0SkFhWN+v2ZEEWc7RCihlYsuqj2+xjLRJJpEf9onK1Fqk+jWRnjd1Cl46SiSoeopk4QLDYEfBbtiWV6rchgmYmmhk2c+QnuCB1SON9rqZHVgC9UtZxP55ziGl8Jawae74dw091XlH5ipq+mqWRPUWSMSM+MnEE8xkpGfWYSkUFKWVB0VQEHCL74PAFThvPzuio6SG6glfVtvBnvTN+omQZYy5QLM3z5ypf8PMCCO085Y0LzOn69BYKmilBLg3Ma+RgLiUJcqfIPrrtvhzCEcw4WYBa/J29MzAisGIuuGS9ZJI1TpamVn+vhlU/mymCN0Y4/XtkNlntjJC6HNFQhKCbkSQH+cIJTSx6+ZtkYUsG4IdRJz7IZP3ikzXCQkwLa9m3lfBalj4DJ2Y11bjIanQ3aNv2UD8B+YRj4bYiZbBNoiBdfjhKdjMC7VnmmEXCgqZgslITZAE6qPFkJI86QlbQvNLpZCXCWrn8lK8xSyaCDxE1scPIAjvPtF0/7YnbzXdbm2+xb6QIqTZkdViI5YtdRRjthp9JFrvEVMkKHFk/GTPIAo0KC4IwI9jLbwCPrPKWWhshS+NxS0p0Ti6ZIpMshm8iC00jK2hly5zXGhr1m2SdauF0k+bprrBgxa7JCqevE+q2Rt0O1MNKl+xTlKyijmXMV0MPOeFrZI3Cbw3doI3j4cDziOeU3iALNvgK8R5EqIbDe1CcQRaRLBGKl04mE41myIuccQYQ/G2yzKA6pZzvlF7cJAs00xVakNtMU8XzydJukkWqRZFZbBNc9uSQnMrdlKzQnGS5SmDJimlebDhiIDyyYNgw3uPtDSNctb9OFo0MfdehJUvYOmMzFip5lhvL59ySBYu0Bz+AZUec119x7a0TeGSB3yLhJ8R28dhn5XyydihZ/o/ukTU8Hcm5xxVGVgiThcSi67o5eIuBHwEbaiGEBD14reE+S9EY9k01BHZCxUycG9jrEsfIas4gi4AbkiUQyQLtTEZJmtCTrEmndApalCwpiYJXonVQ4FnV3xSysH8V1k7TKjH/Q7LKa6O9G6w1FEecd4h6URrZYLIEE+um60hSyh0oIaVN5CtUutHJBcdC6R6rOioFcEphsUo7LMZy8EOysms4eg6ru2XxWg3hUY2vrsc8NCPUdXDj1yA59GSO0x1s6JOtfL5tySGJzHSRMYHYkwW5b13v7Jpx9xLl9REhYtXwAczBY7yiNZLp0Ty4TxYH3qTDlUrtgoZwWc0gvivKNp5G0olEYkvTtESCpXfy2GOgUJSoLCuOC3Fw6OC3UVlRaOsmhJKX+DS5TgZvVLy9o5kWsPSPf/zfiLDpSTqBiBzE3h3wtnojRxOrqmlGln2R1tINMokWErNVtbpO5wreWT9v+KBkwXxKSPpwOnmd1m7r8VJSIKY66SRlSbYgJFMZuVbJGe4rtOAX9KX3JedJFhl4SObEEKRoAONoAJ5XJ/PKkAy28Y1ItpylDSUSORr7kfciqQ2i8D14fRS+AcOE6TkCvK2nhFIWwj45SS2P7awjEf/zyUKgSCcQkYLnORC8YL6Det0c0oW//NQvyZ2zd2SlIXGyqIoYsjoYmcQUEvnxjhUh45TQ38rImY5OJpnytrG9sazhy3F+Pgsf2mI1R8GsdWAjBjyLTjHWCnHjOV8R2DvlazQbhro1e3qR0RPlWy0rPzmaUSQ/DLqegR+/7eDmgIw6vMMjLQ/oiOYdame370pRfra1trb29OlT/LqGvay1t3M5j1R2bp29jEN60hvsNOft3DPe+qH0fCg/IyytbRHKCmuFixgU56hWwtpG0je37ckBN0XnLFACWRdCBqN4fdLzOcywnKXA/5XLWdqRPYerDUmvx8huMw5BMC4HuqZ0f80fmDmXx3xDkcSpo5YmQJPx1wTNGojNEZNFGkMncKEOA6qy6Xqu5iKL49w/Xd1Lt5PwDW/4NFr/SP84/4OfjRBh7s/hAFWOjA6g725ENF6aNKgmC3kdPEZjPslCyXgraSLqEQD6+unfww+c9+d9Q98WXWyvYM7JfyY74QOxlMEcdrroTvRA/9wcLJJCBxwZtYOXciAQ/XGshfJ8ZDk6LHbEVsdtufpfXavnFi0Y73zWLavjwjx23//qWfhb1OoVzV6vpSf7LukKS3YhbHfyotWLf4Yt10Jup5dr9Qb4uKFLxUGqhZKQygVzkhUc02zQaXtr81VKIicHzVK7V3TaVtFqxQfJ9udiR++0ncHAGXTM5CDVLeUHnXbPFQaOXnJbeaqu7WQr57hJM1nMJU0nl8Sveqs1cIp987qNZFpIUqyB5Ipgm87iWtmbq4eASFarle98+qQ7H92/Wp/a7c/5OIzH+zndwYL1yXVAr9gtxXufMGWg57Y+QQ4Rbz45cPKfupjrXi+uO6YD4V8WPssnf2Zl7Fi0WdAdzS/zce+GGC2Fr8w3UQFyvnRKutlv5WGrD9v9L5+Klu5Y+OE7pXiu38LyQ8jq4z0+ux3wl5snogPdjlVCJcsigulmurmk3ulYA3wW1xpOQ43AR5mNZO0u8WnvCHuDTvVXq9++K7ZxXbOL5UQn5QzYDOXMnN7Fn3TkuF1ENosm7OqoK+K3qAu7IjR1DouWaeI21OxCE0fNuH0wIcQfcm4O4ROxMyOSMCRkyZ1lPu1d4bWH842yoA6Bp7B0OCdH1Rf1cmwrZCMpWPzNvAfyijcTj8w7lC4WRffhoD/yAvrlpMEs6/bxguohj0383x9nge7egew5WSEhoOPnKJAXTBvqnCHP9JPc9S5g3OtebQW3LSTy/5wtR5SeN/WweIj+cAFBSpkBHfPLIEK2JlhFfbjFzkQQZ5W3xLwHmSxSAEhdrcTDiRbMJdlMNBkXBHwpP28uyXDFXujMbN+COGsK5VKADZYH5j2Ea+sPpALQqzQKZYrB1kEM5E9TOlbQfZ+wvMmzAhwWXuN1lfbjV84fYBoY7KIN2JQ9ErZYgZcsEdhVtnJxoXn/bHFQ78uS1xQGf00Z3Pw8T9AIkbgP900WWZtB8PtWg1c8Mw1HbM3ByJt7LrkjRfPMYBHnfUXwwnMfEkuaG2oWEMJKSLmSgjqryhR47gMfWd7Sc9MgIkv2/NF20AZkzgY8piPx+WoD3uuY20tveZRoZwVmzh/isMDMVrp+jzc9NFjCii1T9JJkH/gKX71Hs5VjU2bRMRX3d9UFAO2xVbYNvgzmKWG4+wWh3mEelhC1gu+OjgKB7BODLcK7Zy9sxYGvQRS/sOIGQerrQRt/8nVwHDjx1pNZ1OI7t6EthJgWpgI3omIOvKyFVZVX1corfdrs2osEgtBMskJuIRPoTooZEMF2pKJWDLX6n5I+faz9woCAKTBvVMjEgzZgbh6IIjwySIT4H0ku5Zaqihx0kzJbbkexFrscxP3hYKMSPvoPfgq5by5sDZ4bQBx1sKjJUjorKFYe9tPH/yW/uCA77WUtNsoh2E7R5VgFQS6tTkg4CQRe/FdKUt9HSv2xrKt0v6Q8exXt5+5n/dclASsIW4RXilr6wp8E4WZw8NEbpSLJ/dWKcm4Aurg1p2wJSmnRtbCYKxRPeYmGEOFqNW27B3zz2AESvF9euFzw6WG3o3hUSUQHV5oriq7DmnXSsPdyt9f7zwlSclt0PGuF5bYTyGEn3wy9pHh9xKFosogW9PuT2lvFr5YJZVoB73yeExAiK+M9VUhK9RZkufRLRwn5OqhcwlXoJZwLkJhh3w4nW2RqizvYYkTGjrkfvawo6fYSBgu82YeGCF3Hb7SEkOJc3sm+YBEye4p/Puy2lwJcOfo3gIDei7KnI4Oclf4lGo6b+BZwNPtiWiGWu2IqGEcrsaLoN+HSSwyQlYtlxYnnyJCIb3tIEceBwO3JnlRJZJEKZzVWqv0m4AfqdqKeNy9JgqwkLRN9c/5XL35UhuZPwKS3yJiUpdzxA4L0paN2MkpcLkIWMfWp0iWzNtxt6sjUD7ktR5FxSOCrYKbkkkj6u5MsBr1FHta3zCE5KnTyXW+YOUfrtScgIpGOxIRAHxCmro/FDUUy/53SxICg2cnI1w9MrFey1CrmKCFocrlCTuQYUWa+l1SU6wOJf5tqBXCSmUWCGHS3NHxqiS69LiipZMnKD7q6Z31GbJCeM4utjkOIkrwGkGZE5ZSVW0AV+ApgQKRLCg1bf/r00ZTglDqteL5dJDPdFtvteMvq9JOyIo9KlER7BlNWQEfzLgOulVKu7bTvUJCZBcjEKik2+y2ZYEUe34cwhRW31V1yD0iQgO147o9+VJ4gQqCZnFEO/b7AayOnKKW2DpaX0Q8oUNFKEuslSKFJ8bkJOhWNFFWc1g+kf+PQB5aTicoT4jMNUkhWMFMuCvo4gCWBzemDzHhHiFIHarp8CcSQ4faylzfZTDU/mAJOQnfzVl9IRYlBx7EMjWYkidFEeCq12uYPTtEQiNYk5cxBvtX72HdCdG5zQUg6/U6vdTkwdRpxP7LFQBRyOFcWIpNh0amyhosvYKbER7Ie8YhHPOIRj3jEKuL/AZsLINN86MWyAAAAAElFTkSuQmCC', '120000.00', '100000.00', 'INTERMEDIATE', 'Web Development', 'Hoàng Lâm', '1500', '18', '1', '1', '4.7', '24', '2026-05-31 15:00:17', '2026-06-19 14:25:39'),
('3', 'Làm chủ ReactJS và Spring Boot trong 30 ngày', 'lam-chu-reactjs-va-spring-boot-trong-30-ngay', 'Khóa học Full-Stack cao cấp kết hợp thư viện UI hàng đầu ReactJS cùng với Framework backend Spring Boot của Java. Phù hợp cho những ai muốn thăng tiến thu nhập lên ngàn đô.', 'data:image/png;base64,iVBORw0KGgoAAAANSUhEUgAAASkAAACpCAMAAABAgDvcAAABGlBMVEUNBihtsz////8AACdutT9wuEAAAAALAChwuUAAAB8GACdkbnEIAChssT8EACcMAyhjoTwAAAszTy8XHCoAACNIczVPfzY2UzAoPCxl5P8AABwRDSk5OERk4v8AABBmpz0hLCxfmzsKACEAABZi2vxclTovSC/n5+l6en4lNiw4WDAsQi1KdjVoqz4AAB0TEylViThCajNXw+EdJyokMyxYjjk+YjI2co1d0PE4NUnV1diLipDz8/QaISoWGilOrcgoUmrCwcaioabd3N9vbnYiQVtGm7UVIDywsLIrLT85gJcvZXtFl7IbM00/ip8RFjUfOVJbWWUiHzVNqMAnTGQ2dotTUl2Uk5srKUAUJTguXnJWVWJHRFUdMlCeWJvWAAAW7klEQVR4nO1cCVvaTNcOTjIT8wUCiGighF1FRBCVUjfc6kLtZvs8Xd6+//9vvGeWhEwAi11o/Jr7ulohy5DcnHPmPmdOUJQIESJEiBBhfjD+9AU8FRi3EVWzYfH/Fv/0JTwRREzNioipWRExNSsipmZFxNSsiJiaFRFTsyJialZETM2KqUxZleq2vGGxmpvDBYUW05iqVE+Hr65xxduQyn8d/vOlOq/rCh+mMFW57tqAwUfM3zvXVzV4X3juzPPiQoUpTKW6hcHwrg9cKWBGFTy07RpsqNmvK5MO/xswmanFU7uLnRR+1bdrp6mc0rULdxVcxW/sq9TcLzEkmMyUc2U/B1uyqviDbQ9f1+z+dcoC23pb6+O5X2JIMJkpPLBfMjez8KtCoVb4wEO75XTtijXX6wsPpjDVLfxXBCSgqjbAhL+B8PXlLwpUpmGN7OJ7TG2/q4FNvRE+l+raIWXKqqYwg7P4c0ZPh2GUIAfnjEwVV8V407yv8I4xUnnbt9+8rNmvuDpwugUSSu+z7s9vzg4AZ+fvncdlHRmJ2iqMcnEJI1Tvzy+OAAeHeb5/MlOpD/bpItXpuGt/wPhrofCO6nOr0i+EM6Jnni14uPj2iFzCwfeX9yOqrNQ6jLCRU1KX3ngvMmzXZKaqQ3uIUzj/5arQfz4cPh/U+q+/ODh1XeiGn6mFhdvMrOdVzy88Kihcphbfe4OtOw/YFHE+2oPng37NhhhFtTrMf3atP3gztK9wKL2PM3V5uXFG/565os9/rZZ84eythY8WJjKF6Z+j843Dm6MbMdgEpiynejqoQfJS6NcKV3dDwJu7fq1Pt9S6/7xNhTCmc6bwYg5/ordIDR9iPKDKljMN9jrluJRkHPYe4jVl5DP2dgimqmy4ZzhXTTmfxb5xpqq5N5DF1Gp3p5W7wgA7VYCDT+1+5eU/QB1kNe/C54GCKf8LfHh2sX5wvr1NgzZ9vX5xfs8yfCt1e34Ab8++gclQE7w5e5bg4wimHBal8owad+U4yJSFn4PtDL6CSMcvbXvbUiqOk2Na9ApfQ7iimfJACVv9xSNo+18aWrCy+OxIxJlvi8a9F3Te08wD34h3/565278Jw3Ft6pZuPLjHi9P1lDOw7atrDIGqC/MepDT45d3Vc6xYBLLjoX0HcR6orL0MWU1BMOXgDETohU/VDCNnnbGVSeALj6rPGQsfuG/wNKZy4piD99ijR2aKVLt2/zVNXUCND+0+tvAdOCJ4nuUM7UG3ADkOSwYLL7eVMIEzdXbGbvDAMdmdXmJ8CH/Onerh+TMHLx6IN0xKHG4cnuONT5TL80+fbmXvy2VuhUkeXeKJyhMy4y4Xbs6wUCh83V78CkTVahCvrFS/VuMawcLDQj9H5krFd+BXCedOIkO954ZK9nU2zVcxfna5QZ3uAOcoF2e4mqtWFT7HfU5VBVEjPbX42bW880lzn7Xdr12Lme1LgfKCBzUG21GqzwuFIa95WhC1voZqBpSYSlk5ajcXILfPqGlkMs7huti5jr/RPxb3NosxNUElwIip94KrDR6UZabytZo7r0Hq98aB/wVTb5XKl4JIccA37+znoQrqQk8xs1k4rDo3Cz5kcqM4tY432P/8tAeYUqxFfH/OTkkx/5O9D6LTK25slY8gNauW86HAmIIkBl8Vah/4J1SUvqjKhAUiogs5lZKZYnPd0ad/33tMHYngM86U4zFFR+XD5ZlQkJnKfbULXxkbKchjqFFdc5P6p1p5DUK0RpWtVVW69iBcmspVCYk2/fsfh0Xy+xcvnj2Df1Xqgt9S1W8j72OpoRVgyrAUPmf+u6hUqxm4V6Y5JjKlpIZ24YqkKiAKau9qBdChH7uQygxpxLKHA/tVDqTvq5rdDVlBz9NTTBB8Sr2gd3iLHcfBeJHdfTXHJsJ1nKG8rd9ipt8ZU59wikZ0I5/CKaYbUpZzc3ifSmHnbJr30cIdqKW7a/wVrObKBm+rOK9fWo6yfWrXnFPYmHvVte0PYVvN8phyaGi5wFwPnR0efrq5wBn2+j+HPE6xI5gwv1gU2urggKoEfLR+wbTBGYgjeujBwREPe+wjxrKZav6KLl91wQtTffsjWGmlQs20b3/FuF+7A4ne/Ri6NNljihcBwItcib6wcD8SmJQpc6RDn2W4uFpYuEUQzN3Nt5nMqJQA6fa0WoKFr+/6oKL6g+FdoS8qifiu0H11BRNhoTA4xY8rlc0DHlOms8BC8uK9p8QvtzOcm0Ng78hRDC+buVxUhBi/zSiZF3zj0b+gpkbVqfPJypOj4oAPsnILBPN+F9CvFcT7QRWHS51zWPeHGxvMTbbfb2xsvF+EeevFJxBUN4efc0oCb5wdnL/Al7CrbSomzh+eHZzdbNCqDL6El5/ylmLmD2/g+EtmBzn8np196Tiu+0yu5MEceIVPhx+YmgKxDv91B29evX1th7SSp1g5AHu1CC/YPWWqEKGdHJvYcilczbBdJn2b4LsssSvFauUW2yhyYmvRdwgfd/J63xtIjitwLMTx/1YIHkA6g51cxRop078OU+voH5myxEO79hYmwT73VqdrK2EL5vPCd9ZmQJnb3TfAFn8HGv5dqLT5HPG99T4rNSgU+u+EvE8NhK39hfieTSmgD2r9a6E0U107sikJdL2PiYFcZWD3B3btFPPZoW+Hc2V0Dpiy3vfcvsN0YfS0T2ugd7Z9l3PgPWTJ0dwn47pWe42rLweQ10Ayw5LB4duUM7DfhKyAPj9M68m7s2vdvm33XzEbquYHfPmv/9eKhKkdsXhYswvd59itbOL/XvXtwuD6b43nD3RZV3EFY5+Yh2QQsuW/l6iHOvf/Wj+bjOgZh1kRMTUrIqZmRcTUrIiYmhURU7MiYmpWREzNioipWRExNSusfJS0zIiIqAgRIjxJWAihUPUGhxWWsVPPHkc/oPd9oH1d1eInkVV9D2RPj8Vi+jL60xcSephrlCktGzH1PRASV2Oqno4C1XdhrLZ0dScyqRlgoBMSETUTLPK0Jj643gfx4wP/wrzY+pWD/RhMZCw9CIKMaRdpGYjDdI+gG9hrQvU3/POdawpJThJ0uzjG9O9hL+hO+duhJxD4L0Hckf/ALEBQI9uKP4RYfD/N72cMhrGWrReL5c7OqsnvFG0mkztAFUG7O/VWq1XONr27Mvb2i502UVC+t18sp5FC2tnifsPge7J5Qi9meR/Gy6bNxOhTCGr39mGsVr3XpkMfd1rlZmLC5fxWmKSjaTH1QcBMntybEHgttFLUNTUGp2t6cesYDjE2dVUFLWmQrEr3xGBPco2TSJbiWkwrItSL63TMhonKoNFju4QswcF62UC7dRhPpSe1VrwPNM2tmE7HgnNiO4gYSbhg7XjOAY60i1psBqjq2hhVFsryG+DQ1GVkoTLd0kLHvmFVPcuoSvSYJF/N6vz4LcQ0uraM0A49Wt9rxkbj6VviA43d4uhjVH0fNdlZcxYXFkr67vVBaLvBLxEt65xE1b2LtCHGW2pJw+p1GrrQMuVD7QgOgalV+hI0Ot+j9aQP1DeZgxl7cWksbX9V8DtXptCOPiNRMbUeuDSyy25Zi9frLY15GrUOxlSc/q9qFOKuO8hlKubx2kjITNFd4MeaYF6N0UmXKIJ0Phy81uqx+TNF2rFZTQrudk2eb9AWNwQ6VR33kjQ+rbo2RcNQJ73bbuy0OAc0ZXH5YDSp5TVkBpkC2rM7vWycv2MOhrgJqnp9ZUlZWqnTCPcHmELZmYKUQBFJWoGFJDXLNsIE3tyvw2zmerNaLEFUJzDni6jUghjmMaUnV+g8P8YUxCaGDnfrMlLMBj9dTdPhiIHWxBDzZcrcewxRMV0OooyUUWA1mMZxbapIhAFaaIvdq75ieExBhGciK8gURC6hxPbZtBknBHW4Ba26H4P2/oRNofrsvseuvO0P6qhIzy7mpfKuy1TJ81QxHar7fsvhxhlkquXqTfEV6sdmPs5o8X1HqKfNnanEypRwrk4hUK4kcZ7VeC/vU9ScKdV/oMGqULGW6Ub0pOvFAaZGw4spWS8lmCJQ4z6/t1Bx3kwRsziREVVrtaZQqO35pDqXRzQKd1bybs4ibnHVd5xlFrmBCKb0pmtvQaY2PUPk7qeXuNBSO9I3xA+eI1NTFIIa2yRkc7JZqXX/l2u40VvVId9JMPXDmFLjluSR/Labro95YwSY8k2uKCuYyvL51Z+6cBudI1PkZLJCgGkfAunO5Fivp33XbC55QhzIgumMuDaVTPhnSXG7m0J5jjxzBqZYQJf1Cdmbs02hzkQyeNgmbVcfBvYW/Um+SbKaNwjkGSYRNpWUJ0lXeC0HDGRmppr+/HzeTJkNmSjIVHlGG89TpvLCVOKazJWsFAja3Spq7iE0Z+E21TIlm+K3mx6LRrN4nyqfMjprbkzxuXvkc8Wm2SiqMlNqeRettiRG1Zi8OkcQaiyXBVmQqYmIfjyuHPS9H2GKn7LlZyXRmytThqwQtLppEGNJZgoCs2EZRlmiSusErxB0+PEyy2JBVHNWpESfHHOJpfwIU2mmEiRv5t/xvJiyUEu6/X0mH6lS8TPFcmKC6jJVnlIYTXAE5ZkSaLnKs2WOjIqHKcri45kyjmM8UI3cz2jOVXn6klV+F6xmi+jym8/7WmKz5Kg0G2NImPlRJRRtamw2EExpWU8KoAbfsvMjTBGRRrQM95NM0ppnNkPykl5qtTkjHU2OUxqvwJG2ZICQwdExEpsxrVxyuWJMUR0uNBZkLEyLEtSIc4Lb5EeYElFCLefFt9YWHzAnpmSFoK8lFM/LpLlPrzMvSqSloMakI2lTA9Q6DYQShoGUIndXrzKoldfo2sPxsrgxCMo/wpTIGmnS1IbhTnZc3TIfptxShnAnFqOJiNwSU3C/PIBJzLJ4TUr8cC2Z7a1sZllE13sJrz5Fk6J6PRkTJTrK7o8wpRh7wvy1eDJZpEpGnZ/3WYHAQ6d0C+2Le5KYElMd2fV7q6rCITCIqBypms71p1oEcc9rnluBunGsZCo/xhT4te7WQEURj5mpnOH8JiQ2x00KiXQ3yBRoJLa74+eW0UeUrKxK1XjDcGsJoijlHt9q0NsS6worMzGluUwBVfLX1OSSfw59H4Tn9h4VdNaHqOPdr8xUjGW7sr+Kc1BjX/WK3pD4lRJe1SWPejHXYTVtv83uymxS69CXRuIir3LqDB4IR3qV1SloJY/RVirr/GPYpyBRmvj9q1hiScVlhqk6rnkmMsUCgigKeSeVmQgw0fFOPU6XAtT4/gqbBl2mCDrZKqq6rqutzqpb64NP0dWeL74kVmI6q0qBDemx0QqfYiU6uh5nZkPohJHeZx8Tq28iPsvCtPLbiSJLUtrLMgVCPB0wxhRoGctPJTeqFR4lIJlJ7DabzZIhClQeU3TX7lp6rYR8y89ot9mW7jDRbu4y0oN7LFRasyhRZnunR1ACJUrNZoMgA+3Gvcv+zQjUEFiflyhLTmaKZfK+IwR9rvFbxDRN70dYRkwpdD41DPnnWYgZ8Blvw5Q9ZCkOxrV8whYiEgmEVvjq3xyWkI1VuYagU9Xps5hxppj7kROZqWnNmRJTvwDsymB2LW/1wHQ3t8Rysj4Pk5JrCDBNKdLSwzhT6j4NVIa8khusKXjD/2qmRFCFKAVBz62GaWX02zuESHDhqsiYGsXrCUwlx0P6VD3zq5ki7aIuf7XUoupz6E8zNmUvElPfKLETTCl+MllID9riWPWFgVtna2q/1aNBjF5S10aKihbtd+bxXERgDhtnikt2UVMSTNGqeLDVI1ABdmE0wUX0X6mfSQI1tpIx6nrUA+P1Xv73u54yzhTXJX4aQN+Ypn8ZXnhfSz5vClNKopHtjDcQ/RQsE1Lj1ZXezk4vvZcXfXm/Hby06oPG+nX8yYrWaTT8/QrMz4gZWHxgcX4SzN/SWUhMIwEwglri98EMiISYTtuiEtKiFUzKkjbdSdAcObA4OO/+pbnDMoJzGE3tH2zlYHmqsRm0xb3JnZ//f5AITn6dYKAKgFeD5WKCV415Yt3kj0KgOCW6I4LiwW9StEpCTDmgqzFaEUiQ0q94QsFEiXlMZo/GWDpDE7/p/Z68M8VIT0hmUA9kc++nqUKrOz0jlLYZSJG5d02NVHqJFVMCupMmyKy6pOrtn7xJtKNrevyXifpfiWDrBl9M84qeAaJYydNoBkyKFl1MtjHY/flYWKzgM48iyg9ALuW5nV/w3Y45oMrbEEjAN7kZ8gWmn306j3cgjzUmhwPB8CwqKGgz0K0BORaPQkFhz4rDv4qpkh5epsbaFjWefqC9st+sVL3MHwFBazJRojVhxBQI6HHxTDca4z+zHNwcbqbGAnR8j6W0Jlop0zUECk0ti8eKEntBS+NB3GUKoXYjnW60/Qm+ZaCTRnqtWZJ/DgE2t9lmw91soWPOVOZPPF31fQSWWkBUceuBOyn1OuVkstzpldzK+F4rIDpFHiOYWlvqQKIPSf5+adRsl9gsx+lGrbjlK48TtFJnm/VW9pgFR8vocUlbzGbX5v501SwINuSp8aYoZbBH72jNmn/pFloL9uW5fZqcKTUrmtHADF1tlSgldbeipMV6bpHEOC6PNqs7PDV3/R2SzVA+uT3+GAhYyoQLNeSmGAp3WcZtwfIV2bikUIxGTAp3QgEYpbi0mT1K47+CcP4awAQGks3Ao6Hgi81kUGV5TUG+ZrXRk0RLvLKsSlu5jiduO4/mdvCBAkF1dyldVfVeGG1qvDLH5ro0fayVsWURA6F0fVxiaQ23huAypbY2j8Uze3yVk3m2qi3vHa+Ijvf8aP1H32ocp5P85RIh7Q4vvLfK9c1QmtTkBxxUPd7ZLPEwVdrsxMd58jcvut5XhInMfX4hTuDmOWlryCSi9YXOAYTw7roV2GyIBkTglYi5bz+kcx9FUCkIJwDfaCWTLU3TJjXvq76fqxFM6avsFrmN6qum9FiC0XCXxnm1Qugmc5e3KaPQ6ymKYJu1xNe0Pf4mazH3iadg3KbzhPtEAzcRlGQDnhDR5yMaXfjXROutT4Cpaa37D0Fq3BdMCXfkRVHa4cN692Oio4VXALU1UzyPVBKbGa/6pvEkmCJL8am2M82kVnzqkDPlVgHEO2CKdxGLaqhohFoxBIGiRjN63OEpMPWYh5CFSfkfMPqbmJr22NpUyKsMsvd5Tx64T7dL3td0vW9P8r6Vp+F9DzwKOYUoWUSLuU88nSwCORiPHNGZhdEW66wbmdjmsvvQyNNgynrU47WBh2s9lZBmZb0l3hRbIty4xMIpfyBBLSLXArnCN/bY5z4RlUBh7j3CqAIPbHsaPb4KSjXPHJkuwZM8V55pkJiI+zdTnqZoxKabhSDNjpgqI4Sm/HZMOPCYnwFoBRonvLxPqy93+DTKfjaDj6lq2dVSj6d6cYV4NWk9u7q7yZ+gZIsV5ISdqm1ly+VmaGW62707m0kFlxZGGbLbQcxVKDFEKqzrIkNmGZ27UKbq+ihDpr2vfFGbFhDlh3JDBmM1WDyfDHW8XZG3fqr+1qYS/y2pXUmouWeSE/+jgvRncdhmnwB2dWk4gRqtCYlwEJo6vgJKltgPKpXch5FFfz7AOPFKdqoW92oEZn5/tNkbkBzH3W3JuTRG/TAMcyepfwe0mDt+JihXXYMIvdWixxSXieeeBKV5GVhLLuf91eHmvti8tTSqSezWVVZe7vzsIuvvBkGJUvpBrJLJ7YJot7lECyfmbrO5a0jHGChPG8hPAj/AbCAFjm0sSZsJOmk0myXlCfxWs0Ubxx/A1PYu0UROW9LH1qsI61MfP0VqX/fGgW3h5ylChAgRIkSIECFChAgRIkSIECFChAhzwf8ATlhbKCOZLzQAAAAASUVORK5CYII=', '250000.00', '200000.00', 'ADVANCED', 'Web Development', 'Tùng Sơn', '2100', '25', '1', '0', '4.9', '15', '2026-05-31 15:00:17', '2026-06-19 19:56:46'),
('4', 'JavaScript hiện đại từ cơ bản đến chuyên sâu', 'javascript-hien-dai-tu-co-ban-den-chuyen-sau', 'Làm chủ JavaScript ES6+, DOM, bất đồng bộ và kỹ thuật xây dựng ứng dụng web tương tác.', 'https://images.viblo.asia/dfafaa32-e13c-4b50-ae37-58742c1727dd.png', '149000.00', '119000.00', 'BEGINNER', 'Web Development', 'Minh Anh', '1080', '18', '1', '0', '4.8', '41', '2026-06-19 18:58:00', '2026-06-19 19:56:17'),
('5', 'ReactJS thực chiến: Xây dựng ứng dụng thương mại điện tử', 'reactjs-thuc-chien-xay-dung-ung-dung-thuong-mai-dien-tu', 'Xây dựng ứng dụng React hoàn chỉnh với Router, Hooks, quản lý trạng thái và tích hợp API.', 'https://images.viblo.asia/da4b60f5-c0e3-4872-aec0-90fbe4ca0a61.png', '259000.00', '199000.00', 'INTERMEDIATE', 'Frontend Development', 'Hoàng Nam', '1320', '22', '1', '0', '4.9', '36', '2026-06-19 18:58:00', '2026-06-19 19:55:49'),
('6', 'Vue.js 3 và Pinia cho người mới bắt đầu', 'vue-js-3-va-pinia-cho-nguoi-moi-bat-dau', 'Tiếp cận Vue 3, Composition API và Pinia qua dự án quản lý công việc thực tế.', 'https://blog.haposoft.com/content/images/2021/12/Logo-Vuejs.png', '179000.00', '139000.00', 'BEGINNER', 'Frontend Development', 'Thu Trang', '900', '16', '1', '0', '4.7', '28', '2026-06-19 18:58:00', '2026-06-19 19:55:20'),
('7', 'Node.js và Express: Phát triển REST API', 'node-js-va-express-phat-trien-rest-api', 'Thiết kế REST API bảo mật với Node.js, Express, JWT và cơ sở dữ liệu thực tế.', 'https://images.viblo.asia/28538475-4b47-4933-bb6f-c362a620d252.png', '239000.00', '189000.00', 'INTERMEDIATE', 'Backend Development', 'Quang Huy', '1260', '20', '1', '0', '4.8', '33', '2026-06-19 18:58:00', '2026-06-19 19:54:45'),
('8', 'Laravel 11: Xây dựng website bán hàng', 'laravel-11-xay-dung-website-ban-hang', 'Học Laravel qua dự án bán hàng với phân quyền, giỏ hàng, đơn hàng và thanh toán.', 'data:image/png;base64,iVBORw0KGgoAAAANSUhEUgAAASkAAACpCAMAAABAgDvcAAAAkFBMVEX3NT3////5XmT3Mzv5X2X5XGP3SFD5TlP3SE74UFb3OUH5VFr5WWD3KzT3NT73JC793+D3Hin3Qkr6h4v3EiD3Ljf8xMX6lZn4Pkb91Nb7qaz8r7L7oKT5cXX/8PH4Vl3/+Pj7trn+5eb6gIT8ysv9v8H7m5390tT+4uP4am/+8fH5cXb6j5P6oKT5fYH8p6u028PjAAAO9UlEQVR4nO2daX+iPBDAaQJV5BJdWnqsWK097PX9v92TmUkCyNnnV90imRe7FQHl72QyM0kmlmXEiBEjRowYMWLEiBEjRowYMWLEiBEjRowYMTIu4UL+9Xf4/RIKTqnrpoZVp/DZxGGMCVb/+pv8buHhpW8zx3FsfxoaVo3CrUUm9MlmghVj2cIyrGpFGCgPGp5g5MO/tuPNhJKF//p7/Trhs0sHtIn5kzCc+KhXzmRm1OpAOF8QHOal8DJ1bdQrf2pQFUVwymxhyZntSf8AmiIDDbONuSoIGijR4Qkjnnd4PETzLmh5xmMgIQ9KaI8wUCWHkywXvCfMFR+9ZefhNEOT5Lhl6w1k+Mx1bKFuzBm9dyUMlAeepjBQi7oAht5n6F2NOcDhoDPY4TV75ELnfGybhzo3JgE7RBDADrWcNoEGCKd9swmKm54HXPCgmAOueMfzQN8IqITH8I0n51bqZZdnYN/4QvsAnQ8D/hYFOv0dBtGyxc/A/OHbNz6FJsX8fs/OSQFZX5ddJm+g58zSgesVn9pOnXdQey5YfnAW2GXPhwavFbpUjB4HnuwSpBCUeJZpK6tQWH7s/lhPUsJAZdSleq5PHzLoSBtJQcfHMLZrPg/0g1z1fqSUAqLrgXESG3b0iKRcbCXgLDU1EHhWdNOzhWv3ICUV0GE+tmqZHHSg5xgqKyLFQ/SpBAy3xu5yMMyoT+xyxifdpDApAeh1UkLgmfq2o6LHozzKkQVI2S6HXsrHh/Mr5gqy6mTJXHjITlLgQelUTX6Uh4AbXNdheleKFDYwSk6VzZVMWok3ZMPpIkUGCshWiKQuvTHI6DEnRcYELW/uhoJ+QB8vHPOpvKKdFJ9Npea41VYGn0AdSB9H95dJgZSyw9DFyf6cDJQ44F/qNtlGSlpuhrBrTwjBXLEhRtolUrLpoNO+CDnlO6lPzHusZlIyl2zT1U2fiJ9g24MbSjwghU9L3ZyXwnM7FBEXnqmRlAxdxDWXrfpCPBkmu37sOY4vh6SwBflgrrDV4fOUr2gixclAsToDdXAmOhEYlw+oCVZJoXIw9H1UBFJKnjeRCvECG4e/Oj81nFLk3DeA/AVSR0pmzhvi5gZSPEWydnvLUydTJ2gzb+ik4FHAn64L0xpJkRcl4rzOeIWnGBMK52P4pEQXJfwFv04/2kjJ3EF7HAzhAA1Unwkp5/+QkpM+Wpwl7XI52XmQ4qRTNVe0kfJmOPFKXFmbigqBk3RCsnQxYlJ2FnJywhxhrqq+AlcxoQ1jrGMmxbKQIm1sg5U4GHI7GPbhQBhf2GMmhX9BKgqBuIXrQ4yNVABu4ajQ2EnlQzKFuIYrVdMxjCElL8fMuTBX5DHISSDFAX1DSr0upqJwVgOEkoWY0JDSB2RsJ8yVHG4QnkHx/dGQCnkQgSQYP4dAyp/AgSDU96Do0dYGqpSzGAupIA7eH4Ts3hJ5gecud3DkI9A3sci7wuTeYVb9OKQS/K1++KYo3aRQcQrvAKlFHG0fL0iuQYeS6M/rbk0HXmJ9biiTBgwMVDl5cxxSyd/Hq6vHp+AIkyw7SQV3V+KzC6gmtu997i60XItfMM6+VvrAPC7dKIShv5rBmKOQCpbwDYpf98ekk1T0Ap/9J39nwuyLoghS0WPxQJmUZXlIqvoJxyN19W9IzQ9J2e66TCqMHgypWlLeY5mUsA4tpMIRk/KvD3SKW2tDqo6U44sjN0+TeW7Rny8uNrvtnSFVJsW8r7coDv7kpJK361nkuaMkZbWRYmkgrogVKfCnAuGjZ7+ZVPf687D9tJyUctZCOrmVFMZ9ca5TFsZ9v5cUD+IkTGL4fQMhEFUkQUEozAAHPxHBRwIX4FH8T3r8ONNsEsFxXBfKE3DIRUDQZqcGRopH7sfNZrV5XiZB8vR0/bRNrOT1qSA2sovY3VycdvUWJBM4+jdJr8V/S/L4gZSDV70iSv55tVmtXnZv3HPOhFSQ6ohi9fpHfsPorth/P4lnCNxn3Xu76Fw/RAE+In15IOWifyRI8Wipg5LV0nO+RWrBvklqegpSoRXY+wKTN/jnRpC6PSAVfRZer/E2dxHdjp4Q5qNn+HyRAHVVvHzn9SQFdShg8c13SNEynBPoVJIVn+li3UAq+KyedhdxTmg4kcruJTgVvm029P+D21On5AzY/qRofqwgNfnhpZVVUgG1kvn9dnmrGkyF1H0kI7Tnp8/lg3Kj7yIrwoYLhsnil8zDGHjBY3zQzWcgegBqhe+8FymeUiJYkYpKWKqkYN4RzaVx6xJgP0pKEnmPRacVBbcHpK5f/wp5e3NjVJL1Wyy6tohfaVLJK/yxg/vxqY9N9zFOPLxJAF0pD2agVyvhL3STStQU/ZS+yMukNIejQgoGT2mguWWlwA+R4ikqyDImoxx/lUm9RgmJj8ftCJ0lHl8pUlYEHNbwPHyaoYK9Jaho6wm6FqFF124D3knqnmbYOe4suqfG65YKdxyQwmXNOGpzjLUhh6SCLamB+nB88JzUX+lIUU94G6tho3StSeEzLQMg5cDRTULG6yHmUiLoMx+jbp36gpkYOAU7IFIvLitOPy6RkqM0NB3vCDn0Q1KRVAP9/nUtqbjgDeBlD4oUX8gLBD689iNKsBF+WqmUGTz2vodO3WaOXA8TaJ1yCsuJCqQoV0yTSK2jrJKvkILvuM7nMSduLakAHIl93hORKgIpDP4vLlzhQqU38NdlQo+5Lgi8nvYiJUeKJak5zc5TU85yUjBceiwD1UQKeqZVkrf9oI4UZY0KfTYZciRF7oP4kzt4qWhlZOwOxEmaSPFwRs7E11S1I0UqLkwO5poUrAaRZWKON726Qgq+475YKKOWFAed2hR06q8iFSp94wRoG3yb1MJ3idS1HjPSpLCVOXLplcwOawN11Cn7FVLUdvLWV/bRFakYnSLt3YRkzlCnpLV/C9Ax2wv1pDd3t3dKHna73d2iofWB1mhSyuJoUmoAmaoGIKmUVgceexlIhRT+/k/qdUgWvmrR0Z3Shp9HNzkp8gIeY+1ZJRgUbv9EUgLX9dyg1p+C0lTisZt1Cj8NZ72CufJVLSvbOfq6hkNS9FQrS6VV0KDXWPR3/OJKqWQMSKSkPQ7Qx6I0Ali1m0h359kya8xPYf/lvrSRUjOpafo/Tf88/upaIrXTvzenbMBj0Z+uIcWtPaERXZzQqGxfJEUY7wHPCntRao/XMUViSfAoQmSrQoqHLvXzzAvmraTgXFgtQQvC+6x9+DFSG21CpgE2movNK8RoW5lVqJCStufixhGnhWpARZKSfijILS7q5ym++IggQoodwPDiHrY+0aZo0bbo1uIuUuSQy8US9RVjjkMqlyyJH+iv1Xyusy9VUtIyCaQ3c81FkpLuq5D16wSfIXqnc++W23u6bu2XSHFZ2ERGIt2kONaVoKJop1l4VSHFeVwanXysJxXycF487blIirwrOOrKXjT+KH/M6rWUS8C1eThzhTr6uGKnPsqkcD0t6lRdJu9EpCyZI5HaFJVI5WFOyJNCcu7BLpLigUxDvfvK34iXxfTgs52VLLosE+Fk1NGLHnd+c3Mz3+ZB1ftcHJnvZPMWVspWZupkpLbrVS77FWQKeWQ/UotaXUfBer/fi3A2+BB/rF/1dxeo4jfZAl+2sb1f7ddfpAOhcK/ERav9JmPaMwtmHxLfxfxdZoefxUnrWJU/gHakbh7FIIXJSgEeiDBzAbkVbHjgIJyMlMXLQgeTKP37dPtkJ4E6wcJ+68AiJNHi8/722oeOkpfKLuOrqeMU14wKP0qcff95GWQ04iDvjO2of0mlfO3plKKZH4DQT+pIwZBTEAUY/qmjZRSHpx2+i6TY4UpI0VGKs2ndDJ1lLchA9a5DLFePOuBBnZjU0QRGHFrHkGkKIoLqWGOlbwkhni1LeqgI+ae/9+mlY14CV2vx+nf0sv6Grrk3FlKydiUU1+3HCasWQ22uKVnNMZByHD9E/aAUQK+7hROfYr18+fIoSDkyl9tzuT6kWjC1UlqzPg5SaG96GqjCIscSl3MnhX0frlnslyrhaPmhoWYHYM+dFPpTTmN9lurpLiZY7Gr9jXMnZVlomvsVQOK4/JjV15w/e1J8oaqczYoz9upuwalQDq61qt7p3EmFIfT4tBq21VLx5nXH8k5nTgrfwwRnu3uuyhE3l6AcA6m8428qLwkhHpYVcpr3OxoFKUrHYedfV15S155kbbUnR0JK9WvCCwW1Kdp1qmAmN+9pkdGQslQxRRH0TgqaQ0tnoXPsqKM0IlJyFp2Dpl2y0qPprHOawahISYtkK5+dPCiszNldwWxcpCxdKBZ7OUyCUijcPfd3bKQsvaaf+R6t7a+sVm+Q8yHlMK9ffWnZ2VFpDTbpGzv79WschiZIyslaKpUWT5ajo2qHsR5XhFQ36BxILajgSs8ZYLA4of8GPbL8vOgKfnqG/r8Q2nLH6T2rkOv1fZ13VhU4jjgD9qQiYlzKBTjd5SVBJna/gqUydoZKb5X6G4OVfJuFHuZqwvrolJoYU1v9e7gih9OlY9nx8/fYnUCvjTms7nwGwq1LzBn0qFveTUpu6tqvXuzwRMbB3YNW3fs4QPl5u7v694AlxcUadscWyB2k0EDZqJ2D3TClU6gyetfgeispvYVrR9Jq8CJrk2JWvGk8pnUfB9r9A3YxPzNDXhXYApnKSS4atl9t2ccBtnt31PyN85c8bVdvrhp3JwhpdTHN3zgTT7NdeChr27HaAZcmUjKrPuhdwr4pQh3UNKjeuxPQzD37dFP0f43oLZCrT15DSiVET7GG6PeJ2nfGOWxNFVK4kAgnEDUPj5614KYXmFwqL0M/IMX5jHaVbuoBxiBqH7nynIMSKVhDJDldjlKflKjtTlhBX4qkyIPqFVifu9AcjtKO7UVSkPyFJtpz5t55i9qxXe/SO1E7svJ868eReQZNorMoNHtfkuKpNGLgRxhQSmYu+d+QmSNScur5aVYXD0n4gvYwtL0F5tFVvGMMVEWwl6OaB9DiHGOgmgXNlV7Tr3frHUXS4JsC3jiTKxyPXZ9l6KL3GrCHuE3vaYUGPI2B6iPCXHlnOzr1s1K3JtyIESNGjBgxYsSIESNGjBgxYsSIkXOS/wB1QAu3LUAkKgAAAABJRU5ErkJggg==', '279000.00', '219000.00', 'INTERMEDIATE', 'Backend Development', 'Đức Thịnh', '1500', '25', '1', '0', '4.9', '45', '2026-06-19 18:58:00', '2026-06-19 19:53:34'),
('9', 'Python Django toàn tập', 'python-django-toan-tap', 'Xây dựng website bằng Django, ORM, xác thực người dùng và triển khai ứng dụng.', 'https://static.vietnix.vn/wp-content/uploads/2024/07/django.webp', '269000.00', '209000.00', 'INTERMEDIATE', 'Backend Development', 'Ngọc Linh', '1440', '24', '1', '0', '4.8', '31', '2026-06-19 18:58:00', '2026-06-19 19:54:10'),
('10', 'Java Spring Boot và Microservices', 'java-spring-boot-va-microservices', 'Phát triển hệ thống backend hiện đại với Spring Boot, JPA, Security và Microservices.', 'data:image/png;base64,iVBORw0KGgoAAAANSUhEUgAAASsAAACoCAMAAACPKThEAAABAlBMVEUpLzNtskD///8pLzRvtkFvtkAAAAvtcQAnKzPqcAAmKDIiIy8oLTMnLzQpLjFxt0MbLDORUR2ipKUVKTIlKCohIi8XHyQhLTRjm0NYhz6pqqtTez65YxRsrUVmokQhJC07VTVKcDlmQiM3TDVUhaVUfZmIThsjIjIAAAAeJSpbjT5IajlBXzZlnkJCX3RytUdOdY8rNTB6Sh+YVRmnXBU5MSgAEBfdbwsvQDAsOi82R1MtO0QlLi1UgTwcFi1glEE+V2c9WTVNUVTJaA9jRy1FNShQOCUzLijCZhGxXhZUOiM3MShoQh/VbRDT1NXn6OiRk5UfHx58f4ETDSaeVxgAJDIgENUzAAAOIElEQVR4nO2ciV/a2BbHw0vysi9Okgk8DBCRMiwaQC1bKFCrqC0z82ac//9feefcG0Dr0tCCluf9flqbTQ2/nu2em1yOYzAYDAaDwWAwGAwGg8FgMBgMBoPBYDAYDAaDwWAwGAwGg8FgMBjbwXjtG9gZjE8XTKyUGJenzmvfw65gzLq1176HXcE4U86YE6bDP5Au/de+id3AdPYkFtzTYdhzpaa/9l3sBnZH2nfM176LncCfdaUDFq7SYMTn0hUrr9Jg2FeSwrJgGvz4SpLeMbNKgX0xl6RTh8cs6NszFuCfxjnoKtK1Y6Ar2ge3n5hWT2E4e4oCVmXA1myvezpjUesJeD/elxTpxOF02z1R5jcOK92fwv88lxSl44BRdbrSqcuM6kn8i66idG8czjfBvDoO/9o39PPif0apLnzOPwPzOmBFwzPY54qi3Pic4YJUX5hUz+DsQVjHEtQ5laRbJtVz2HNFmWOxcAHmxXqiz2HMoLB6Z0PYeicRzRhPQrTCAbNzChF+xrR6DmeuSBdEK4hbHfu1b+enxjmRJMiCnA0+qHRdZljPYMy60h6kPxLbld2aSZXVF66b7Y40x/lT5xoMS9khL+TVUmi+sFggEtZXxhnU70o33hkv1HuWmFdf9nca/nn3MyhkfwGtpC8/PHLW379/727ixr71e15BKwhZ8yusrJxbidZaP0Tt4+9//P7xJZ6KkMtNHVyRuqH+Mt5o+rM58cK4uwm7+heS9mJe1b5CvnNWh30V9dA0npNxhydHVTwjc15Vh6OyLqv0MkDWPLxIvvdjNoo/O8epeWdfmv9ovKr9SbT689dUV+txmL1PfaotTvJeOV/PhT1Pj0d52SvlxvVmTeb0fi70+vl6TwtzbblUL3s9uKxZJJqWR9lxGGulcWnTYummSRrrYFknPtFqaVami6z/I3/9hWj1n1Rayf1AzAj3EUcLsbSRJQLWuNgQxWaO7BTKspYTrTASxHHfEkdeIB41LFEQrCx4YfIdQbkgBt769/40JsihDwdDsmPMZpzhdpdzXubguFVpHRs6hAP8s/jy1Da3+GctrbyskHmA1aQBW22KmcKoHohiORQygRhljzIZIehX6/hNghX2LCHnBfgtQSRkQOPiSMxYwRiECjIb1AqEQjlak+HqUQ9/r7MqRYemO2wdVgbrTuiso5XatB5KBZ/cJfek1cWoqHl6I9RAK3HcrlZ7hYxY/4BaRWHfK1OtxEJPi+FYUOxZGSssel4zymxSK3d4XDk8Ntw7UuhnFzZnEnOjR00XxFo3fK2hFV8LVgIJKwuz8sQLNfj8TU+VVVVFu6rJJqf2okxUrIuZqOTJcqJVpgehvhhkongkCjkI91y1IW5QK/348PDw+L8QkUyKjtGpBrvGYHJ8PBmiWqY5PDycrGlYa2il5e94YK6w2on6aFgqfGKrMOppOmgl5j1Mgd5YsMp1QahXOVOnWgmFIke8OWpn4SQJ6XEgbE4ruQVaHUJAmkwGyGQCCrVarQo5OtRpxOcMEHTN+J5eK70dJSYFf8IPbrA0LrGOH9QsjmjQ7lVBqyYpF9SRIExzsCff1UpHEcWoDXLHeJWpFTaoFQSjyTFR5g6VFmg3MBYuCFqhXW1NKw98CZWKcoEglORiQYjqR1SsxDy03qgA+gVxKAgNFe8K/NIq5eDvQ63Aro4Eq0++sbZJuyJRCTCGQ2JXw6FBvBBdkltGexc8dbgtH5TL1KiCXrVnWaiVOPrg5YhYwhFGLFWGIrM3FsRGQxDGVROr0CBjtetfa8UnWuUEIdTgMrVkbTK2UyBO6UnAekQSDFfH7ra0SuqFqKd600Srsad7dSoWuJweNjVV1uKMGDaEjNWoqmp1JGQKHx5oxVGt+lMI6b2q6qEzblgr3p0cf3UI0+BCHNOooFRptHLf/3vBb1SrX35bHnl8II3VE4amUNOa4HTEB4VxUY+DpG6QS5ZVaJQhkosl0ApONsIsFAXT6pNaaUeQIUeNfCBstGYgn7AFWrjLXEi2IA0m6rjDCglWKbSqffzjX0/z6ECaL1JNCkW5HC20ykDKV0MaxfLVOAtFONbhWYztI6hJMdLnNYhzC61E0EpM8qAY9eV2QRTgKmsUZAraw1/6/Zh6haTCJBdCJkzy4ABPupPD1jBlXDefUQp55MlmLZ+YlVpEX0y0gqCuukl27MvatB5EUSFPaoZGG3aCbEnj5GmUxXSnx4Vo6uUi0pdRG1FW5qtavhAFR9MpVBUb1QriUevwIZAL4UYGreOh+2gUe0jtr29o9dcDw9L7VBGrp/awdl9oJeQ08CZiWPBhVa3Wjosq1crT3HbsoS5yLJMGDF+LZa4YF8mOGoP/juu9v4vFv0uQAaYb7myZrj6AsqqSgCY21NElueFATx/Uv0MrjYZwqMax4ryjVaB5o7t1A3aniFahqvNJq4pbtqr4Ozs8J5fAZ4NsNrCgQtO4jTe0aOkAdYK5LBno8XV+k/sNrR58A28mjhYUNSKNVVI9UrgHLg5oiHvmll4EeoqNFHaihwHpMwjRqLb51p9JJ7kerxlSU/v4+zNK/fEwti9cELUiAx0oreihQFaTkc+diMPHo3yq/zy1Vg5Ho3yzrW3+5Q+IWANiS0Qrkgq/S7S7NQPt9T1fM/B6MmqOYnUq0oQYJUWolku0Gq0siVfTzm7p2CJVt/GaDIz3KhMs2g3TNIwhDJtbE3Pd6vM+6WrRxbBZKKlxdKcdA2HJWwyiezJ2jp/n8RnCbUjFy8sRYWW1NfmhqJhOK96khgUF1b1uQxDTvIheWW1nx/Hzt6JOw29csQF47PWB/MZx5UHJsO4I8D4pxzg0/WH7RS5mxUQpqMfVKh1Ro2oN0Zo+2zXX29aq47wlIC4NJ7RJ5brYHUWrqmCb4U6XgVy4/s9OqRVfpC0FAcaA5pj0YgQxmKrqlJqV1cAOnwUjQjWRC3t+iXPpKj2KlXt902Pke5jYE8XmsUkbeqRW0Gmf4Z44Jj9Z3/PTjp1huEdFGVVlrTkmBXpbVXuJbxawwwd2VQ7zU+y5yFovzDf6JICp7UY+LMOmBj+j3t7a7BYOiaFaH34VwB8WDThAnLTWn8hJ3Weo1hd1VFFVsSbXVNkrJfkRalMTC60jqJeErKnztTpWTqS7rIURmd0BJ7WoBa59k2kx0N8G5pPVgZmY2nDSahm8ua5lpe9fLWosoTAtVlVN1bx+LpmrENCzUCshGAdYlWp1kW7mVVQoGhcEGFLjHEQmaG7PsIxK0j4eDA33EThaO1QqMCDkdH3diZz0fdFk+Iyd40IubDby2cwiI0Y9mWoVtKsgaRRDciy41X4gBLEWZKJyFcKdWKqWLaFe3KYP8qvuMcZzGAUmtFo0ysNxCPxgeBD4W1vri3K8u5rGEQTBWs3kiGQiB7QS8hpfxemIhmDlq3oVu8c9Sxx7nNqEk6hVbrt5EF3Mpz2YVuVuzVChHfchbSdjCqisXUCsMUf/xPQgDgpJCCcjZg7qeLGUFyAs6VCKic2ShSNFOuGFdrVdrchUR9JwhxgPBTtg8Ia5ckRjMAHbq0zctROhSZtZqdbwSeqGrxFotEatRt7SrkIN7UogdlVFnYWRt327Shhij29o6LWFQLUajnMG1EWxqviuweEazxSBcTwm1VGRnCXxql8tRWBnPUso1KptnDDFWdNe1cti4Yp29WGbAWuBaQ4HdFJwwR0/NEh/xvieh2bc9M+qJdNe90kmvDjsJgtRwcInFTAPFuqBAJEM8qAQ1CEPHml6H7QuBP0XWVGCep3OEy8ckjF0bdWA/8FOTQp4d4zTpfh0zJKIzgSC1TVFC6sqa6zzOl4Im6OibhbzpL46auuclsWt8sutvmHS2ZulNia3+ZbiU/BaKX+fsL8sLfWw4ZG6HZ/A0WALi3W4Na0PmyWs5vUYK/gX8MGfAxmqUPXOw32qvPyPgmEfnpZXF8qLE2QTH2FaHdwKpu84u/Nk9uvid66uTphYqbD3JGl/p96PeD1AK4VplQ6mVXoWWhkQ4wHbgMRjOw5NJ3DM5/TkFB7z3/QKBIlWfnxwu39+fnXy2eeMk9PrTyiKf3B6+s433Bty6vbC+dz5MnvDC61RrfybrkTp3vj4Xjh5HQ43TpyzxSml43/qrN3u+z+CamWcKVcnnc47fDXc9g8kZV7DNyeu8C0Tt3uOp87xrV7ff8NSLXyQjyE0+Y7bxfed8Ss4IV+bk5fpTcf2fds538TrOTvNMraToZ+zr0gHPn69hRh2gQsQLCZunVvpx1/72m1WNQOYjvPPNWrld3DFASjpk7hFT50wrRIf9O2bvev9qy5qZcy6inJBYjx6ne9c4qn5Bl4n3G0SreyDOc11qBUJ6nuOA+EqNjj/8nxximmFNcMBZLm9m4szEq8MXHLg3IFwdeXwZJGn24OLs1umFdEKkpxyiYmQxCselxzozt5JUsc3nX1csAhOsXhFtfpMl9zhqFY6Lu0kfbkCvWCzq3QdndeZVolWZ2BHNg78rohd4fofynVXuoYsCFopsW/4/5y+eR/EFa+uHR/y34nrHpxLVCv/BpeyIMsho3tez2o3+5t4rX63sdGCHLQjqduFTaoVWQiLuiUWW2B1knT95rVybrFGN+wTXOfj6iaed8na2s5tt9vt+Jyu6847PHX+5Z85HnjL4DAPJbDdi8uZA+WCb5AH+HzbtokyPGf7F5ef8ZT9QktE/KQ4uBQKronCGYb/1bzycjc5tTNry2wHH6QiizgxvgV2qthyjymxr+df2BKG6TD82ttObQwGg8FgMBgMBoPBYDAYDAaDwWAwGAwGg8FgMBgMBoPBYDAYDMab538eoslrUF3TSwAAAABJRU5ErkJggg==', '329000.00', '269000.00', 'ADVANCED', 'Backend Development', 'Tuấn Kiệt', '1800', '30', '1', '0', '4.9', '39', '2026-06-19 18:58:00', '2026-06-19 19:53:07'),
('11', 'ASP.NET Core MVC thực hành', 'asp-net-core-mvc-thuc-hanh', 'Xây dựng ứng dụng quản lý với C#, ASP.NET Core MVC, Entity Framework và SQL Server.', 'data:image/jpeg;base64,/9j/4AAQSkZJRgABAQAAAQABAAD/2wCEAAkGBxISEhMTEhMWFRIUFRUVGRgXFxcVFhkZGBgXFhYYFxcYHSggGB4lHhUXITUhJSktLi4uGCAzODMtNygtLisBCgoKDg0OGxAQGzUmICMrLSsvLS0tLS8tKys1Ni0tNzEtLS03Li0tLzUtLS01LS01LS0tLS0vNS0tLSstNy0tLf/AABEIAJ8BPgMBIgACEQEDEQH/xAAcAAEAAgIDAQAAAAAAAAAAAAAABgcEBQIDCAH/xABIEAABAwIDAwcEDwYGAwAAAAABAAIDBBEFEiEGMUEHEyJRYXGBUpGhsQgUIzI1QmJzdJKys8HR8DM0U3KCwhYXNlTS4Sai8f/EABoBAQACAwEAAAAAAAAAAAAAAAAEBQIDBgH/xAArEQEAAgEDAgQFBQEAAAAAAAAAAQIDBBEhEjEFE0FxUYGRobEUFSJh0TL/2gAMAwEAAhEDEQA/ALxREQEREBERAREQEREBERAREQEREBERAREQEREBERAREQEREBERAREQEREBERAREQEREBERAREQEREBERAREQEREBEWixvaymptHOzP8lmp8TuCzpS152rG7DJkpjje07N6igI5To76078vXnbfzW/Fbem2xZI3NGzMP57EdhGVbraTNXvX8I8a7BPa32lJ0UOxHb+GD9oyx8kPu7zBt1qP812E2FM63W6QN9TSvP0mX4fhlGrw/H7SshFEMM28ilOV0ZjcdwLgQe423qS0leyTQaO6jv8ADrWF8GSn/UM6ajHfisspERam4REQEWnxnaOCm6LiXSeQ3U+J3N8VFazlBkuckTG95Lz42sFJx6TLkjeI4Q82vwYp6bW5+EcrCRVV/mBWdUX1D/yW42Z2prKmWzhGI2jpEMINzo0A5vHwWy2gy1jedmFPEcNrRWN/onqLCZUuJsLLNUOa7JtbRbsIiLxkIiICIiAiIgIiICIiAiIgIiICIiAiIgIii22WOc20xsOp98f7fzWzFjnJbphqzZa4qTaWs2z2vygxwnTcXDe49QPAdvH11nLMXG7jclfa2qMji4+Cxy5dDhw1xV2q5vNltmt1Wdl1tY6eWJhc1xa86WG/XQ+O7uss7AMKyjnZB0/it6r8T2+pWBgezQDHPmHTe1zQD8QOFvra+C159TWkcssOnvkvEV95UvVUTmnM/VxOp369fisfIpji9BvBGoJae8f9hRl0VjY7wtm0T2eRlme7uw6S/RPh+Snez+Juc2xPTZbXiRwPeq/jBBBG8aqS4dLlc143H1H9eheXp1V2lh17TvC28LrOdYHfGGh71mKIbM1uWXIdzxbxGo/EeKl6odRj8u+zotJm83HE+vaRabafFjTxdD9o/RvZ1u8PWQtyoFtRNzk7vJZ0B4e+9JPmWelxxfJz2hhrs048U9PeeERxCYjiS91ySdT395WtcsiqkzOc7hf0DQLFJXRxG0OUp/K0yAKyNmaDmYw343vnH5R/Ld4KHbN0eeTOfex697uHm3+ZWJhUJdYdep7v161A1mTjpWmix89X0bjD49Mx47u5Zi+AWX1Udp3nd0Na9MbCIi8ZCIiAiIgIiICIiAiIgIiICIiAiIgIiIMTFKzmoy7jub3qmdp8SL3EXvmJ819T4lTjbbE9Ha2Au0f3H0epVPUz53F3X6uCutDh6a9U95Uety+ZfpjtD5dbbAqIOPOOHRadB1n8gtXSxF7g3znqClFINzWjQWAHqCnzzCtyXivHqnWyWGZwJnjog9EdZHHwKlyx8OpuaiZH5LQPHj6brIXN5sk5LzLp9NhjFjiPX190C2mofdZR5XSHjr67qB4nBZwPX6x+grQ2yjsY39YLT4aj1lV/jENw63DpD9edXWkv1Y4c9rKdGaY/v88tHYLa4ZIC23UfQf0Vpc6ysNms+3WLfiFKlHms7JdSVZaWPG9pB8x/6VoRvDgHDcQCO46qnYpdFZmydVzlLGeLbsP9JsPRZVniOP8AjFvksvCMk9dqT6xu2lTLkY5x+KCfMq2xWQtje4nU+t3/ANU62gktHl8o+gan8FXG11TlyM46u/Afitegrz7t3idpniPT8yjsp4LrXDOthgsWZ+Y7ma+PD81cWt6qemPbaISfBabIxrOO93fx/JT/AAqnyMuffO17hwCjWy9Dzjsx962xPaeA/FTJUWrybz0ug0WLaOqfkIiKEsBERAREQEREBERAREQEREBERAREQEREBYuIz5IyeJ0HeVlLQ7RVYbcuNmsaSfWtmKvVaIas9+ikyrDbqvvJzQO4a+s/h5lE8y7K+sMsj5Dve4nu6gvlK25udw/QXQ0jaIhQW43mWzoWZW/KO/8AAKY7HUWeojadQ33R39O705VFaBtzmO4etWZyd0JDJJiPfnI3+Vu8+J0/pXmryeXhn6IukxTl1Ub+8+0JgiIubdc1G1dPnpn23ss8eG/0Eqtah19Vb72Agg6gix7iqixWmMEz4nfFNh2tOrT5rK18Ov3r81J4th32vHsidbHkeW8N47juXS2WxBG8G62uNwXbnG9u/u/6WhzqznhAwz5ld0rjluLjcRf8VOeTWsuJouotePHon7LfOqywipuMvFuvh+vWt/sni7aWqD3mzC1zHdxF2+lrVp1OPzMUxDLSW8nPG/p+JWBtNXNju925gsBxLjwH64KocUr3TSue46k27ABuA7FtdpsddO5zzo0XyN6r8T1niotzixwYPKrET3bMmb9RebR29P7ZWdSzAqJxyRtF3uPpO/wH4KMYTFc5z71vrVw7G4GYWc7ILSvGgO9jTw7zx8y81OaMdN2enwTkvt6ere4dRthjawcN56zxKyURUMzMzvLoIiIjaBERePRERAREQEREBERAREQEREBERAREQEREHwlVdyiYr0XRg6kZneOjR6b+ZWhKy4I3XFlC8U5PGT5i6ofd7rkhreu9lM0d8dLTa8+yDrceXJFa0jjfn2UrmWdTsOjRv/V1ZkfJJACCamUj+Vg9NlvML2AoofiukPy3b+8NtfuU/wDXYo5RL6LLaNoj7oVszgElS4NaCIm++fw7bdbj1K2qWnbGxrGCzWgADsC5QxNYA1rQ1o0AAAA7gFzVdqtVbPPwiPRM0Wirp4nne095ERFFTRRbbfZ81DBLELzMFreW3fbvHDvKlKLZjyWx2i1WvLirlpNbKOZJqWuFnDQgix7iDx7FH8UoDGbtF2H0dhXoDEcCppzeWFjneVazvrCxWE/Y6iIsYdPnJR6nq1/cscxzE7qavheXHk3paNp791C0hcHBw0t6eyy76qVznX81v1vV3/4Gw/8A24+vJ/yXz/A2H/7cfXlH9yfuGL4T9v8AW+dBeZ34UdiNSXEC1gB6eK6aaIvIGuptoLknqaOJV7nYXDv9sPryH+5bDDNn6WnN4YGMd5Vru+s659Kxt4hTvES9poLVjbiET2H2NLMs1S3Ll1jiPDqfJ8rs4d+6TYjj4gdIHxPyx8yS8FhFpX82HWzXs2znHTc3S+5blY01DG4lzm3JyX1OvNuLmaX4Fx776qty5bZLdVlhiw1xV6auvD8RbM6ZrQfcZObJNrOIa1xLddQC7L3tKzVi0GHxQNyxNyts0WuT71oaN56mhZS1NoiIgIiICIiAiIgIiICIiAiIgIiICIiAiIgIiICxzXxfxWfWb+a0+3uO+0aCpqL2c1hDPnH9CP8A9nA9wK8jmhkMJqLe585zRd8stL7eYIPbCKJcleO+3cMppCbyMbzMnXmj6Nz2kZXf1LV8tO1suH0Tfa5yzTv5sP4saAXPc35W4Dqvfggm1ZicEP7WaOP+d7WfaKUeJwTfspo5P5Htf9krzFsJye1WM87OZwxjX5XSSF0j3PsHEWvc6EXJI3jfrabYDyO1lDX0lQyWOaKOZjn2vG8NvqcrtCO437EF3TTNZq5waD1kD1rq9vxfxWfXb+aqr2SX7nS/SD925VtsHyYz4rTyTxTxxhkpiyvDtSGsfe7RoOmPMg9SseCLggjs1XJeSHzYjgNYYxIY5Yy1xa1xdDI06gluge0jrFx2EL1Ps/igqqaCoaLCaJklurM0EjwOnggz3OABJNgNSTuXCGdr/eua63UQfUtNt38G1/0Op+6eqD5NMXlwl9NVyXNBXF8MpG5jo3loce1oId2tc+25B6ZXWZm5suYZj8W4v5t65scCAQbgi4I1BHAhVDj/APq6h+jn7upQW5LK1ou4ho6yQB5yun2/D/FZ9dv5qC8vPwRL85D9sLTbNcjuGT0dLM8TZ5aeGR1pLDM+NrnWGXQXJQWvHUsdcte0gb7OBt323bl1+34f4rPrt/NRzZrk9oqGOpjg5zLVMDJMz8xsA8DLpppI70KMYjyLYWyGV7RPmZG9wvLxDSR8XsQWV7fh/is+u3813RTNcLtcHDdcEH1KguSPk3ocRonT1PO84J3x9B+UZQ1hGlvlFXHshspT4bE+Gmz5HvMhzuzHMWtbvsNLNCDeoiICIiAiIgIiICIiAiIgIiICIiAiIgIi+ONtTuCCjvZIY9+7ULT11EnpZEPvDbuXdFsT/wCLFuX3Yj2/u1vvHbfmRbvKrLamslxbFZXQgvdPNzcLb72t6Ee/QdFoJ7ypUNh9qMuXnKjLbLl9uDLa1rW5y1raWQbH2OOPZJ6iicdJW88zqzs6Lx3lpB/oVjcrux78Tog2G3tiF/ORgmwfoQ5lzoLg6HrA3DVed8JmmwnE4nTNLJaWZvON0PROjwCNDdjjqOtepMd2spKPmHVEmSOoJayS12XsHDMRuBB37uuyDzHs/tLiOCzvawOjdf3SGVpyOtcAlpse5zSO+yvPk+5WKbEXiCRnteqI0aTmZJbeGO01sL5SO4lSLHYcLroD7ZdTSwWJDy9nRHlNkBuzvBXlZ7BHX2o3l7WVNoH/ABnZZPcnd5s0oLu9kl+5Uv0g/duUa5HeUKhw2jliqXPEjqh0gDWF12mONo13Xu0qS+yS/cqX6Qfu3KO8jOwFDiNHLNVRuc9lQ6MWe5gyiONwFgetxQQzbvH3YziPOU8L+mGQxR6GQgXte2lyXE9g46XXp3ZPCzS0VNTuILoYWMcRuLg0Zrdl7rF2b2LoKA3padjH2tnN3yWO8Z3kkA9QNlIEGi27+Da/6HU/dPVf8m2zkWIbOiml3PfMWu4seHnI8dx84JHFWBt38G1/0Op+6eozyDfBEXzk32ygwuR3aGRvO4RWdGqo7tZf48Q3AHjluLdbS3qKwMf/ANXUP0c/d1KzuWHZ6WN0WMUWlVR2Mny4hfUjjlBIPW0nqCjdJj0dftHhdVF72SlJI4tcI6kPYe0EHv0KCZcvPwRL85D9sKPbOcptVDSU0TcHq5GxwQsD2h+V4bG1oe20R0NrjXipDy8/BEvzkP2wpRsP8HUH0Sm+6Yg6dito5a6J8ktJLSFsmQMlvmcMrXZhdrdOkR4LaY1+7z/NSfYKzVhY1+7z/NSfYKCvPY7/AAW/6VL9iJWgqv8AY7/Bb/pUv2IlaCAiIgIiICIiAiIgIiICIiAiIgIiICIiAtdtFQSVFNPBFJzT5Y3Rh9i7LmFiQARrYm2u9bFEFV7A8j4w+sZVPqRNzbXhrREWWc4Zc1853Au4cVaiIgq7lC5IxiVWaplSIS5jGuaYs+ZzbjNfOPi5Rb5KzMe5M3VmHUlHLV+6UmjZRH0XADK0OYXX0blF83C6sVEHn53IDVX0q4MvWWvB81vxU02D5HqeglbUTSmonYbs6OSNh8rLclzhwJNhvtexFmogh3KZsScWhiiEwh5uTnLlme/RLbWzC29c+TTY04VTSQGYTZ5jLmDMlrsYy1sx8i9+1S5EBRTlI2XmxGlbDBUGBzZWvJ6WVwAcMrspvvIPHVo7xK0QaWowRz8OdROmLnupXU5mcLkl0RjMjhfXU3tfxWNsBsycNo2UpkEpa57swbkvmde1rn1qRog4vYCCCAQRYg6gg7wQqx2e5IW0eJtrYqj3Fj5HNhMeoD2Pblz5twz9W4K0EQRzb/Zk4lRvpRIIi5zHZi3PbK7Na1x61C6bkzxWNjWMxyVrGNDWtDHgBrRZoA53QAABWuiCHbFbLV1HLI+qxGSsY5mUMeHANNwcwu88AR4qVV0HORyMvbOxzb77ZgRe3iu9EEV5ONkThdK6nMomvK6TMGZPfNY21sx8nf2qVIiAiIgIiICIiAiIgIiICIiAiIgIiICIiAiIgIiICIiAiIgIiICIiAiIgIiICIiAiIgIiICIiAiIgIiICIiAiIg//9k=', '289000.00', '229000.00', 'INTERMEDIATE', 'Backend Development', 'Bảo Long', '1560', '26', '1', '0', '4.7', '22', '2026-06-19 18:58:00', '2026-06-19 19:52:35'),
('12', 'Flutter: Lập trình ứng dụng đa nền tảng', 'flutter-lap-trinh-ung-dung-da-nen-tang', 'Tạo ứng dụng Android và iOS với Flutter, Dart, Firebase và kiến trúc ứng dụng.', 'data:image/png;base64,iVBORw0KGgoAAAANSUhEUgAAAVkAAACSCAMAAADYdEkqAAAA51BMVEX///9UxfgAAAABV5s9PT1zc3P29vazs7NaWlrFxcXy8vLS0tL7+/toaGj//vxvb2+Dg4MoKCgICAgAUphLS0sASpbZ2dlDQ0Pf39/Ly8upqalUVFRfX19FwvdLxffn5+ecnJzn8/mSkpJwzvmB1fjY7/jI6PUVFRW9vb01NTWHh4fi8fhpzPebm5suLi4AT5gBSYIBUI+8zd+jutJehrSV1u2K2PrO6fSb2/m95fgfHx+q4Png+v/i8Pc6reKwv9IANmoAJU9CptUAIUQALFEBOWYACSwANF0AKWdPfK1Dda4tbajN2+jAgVejAAAGFklEQVR4nO2ca0ObSBSG40lCIg2aKEJuiInWXKo2XXdtta3dtXXv///3LIQgDMwIBMiY9X0+2GQyHPDpyRmYASsVAAAAAAAAAAAAAAAAAAAAAAAAAAAAAAAAAADA+uyJkH1g287oNMqZxy8t2Ye23YwurB0OlnWhyD607WZ0zPPqmD2F2FyM+F4hNi/ijEWNzcU7kdgziM2FuBRAbC6EpQAZmw+UgpIQi8W1Vy6QsSUBsSWBUlASbyG2HCC2JIRibwoROxwWEWUbEYstJn6tVkycrSOf2F5DiLHq8lrNfsyXsfskZL7q8krN5q2xdeq9EWCvurxOsx+5KzOO2E8pB686Jc6IZzWrU6xplxrZYkhHXArSnhWUYLb5PzArFPspdQiY5bB3nl8szPIoQizMcjgXDl5ZosBsjEIyFmbjFJOxmzLb2xqze7d5z2N9Mpq13/B6dFethnuBYehkeJcaqtOkLpv6dOm1dSNbGif1gd6s96PtTxHdzwfjlL9MARQmNqvZNqmcHtoqyIy9PJ5W3DrAwKb/rum2TdwfA4P5ZEjuUogx8D43M/5S6yMU+zlzqELM7q+CTPvuTE6NvBmdvnt5bC+b5tT2mqahrdQhTcZLocquFkxTLNFcs5dE9d5GF5uKy9iCzXqkrLP2hMbBZkaNwtPArtkx6dEiUTJisWsE24xZzrmBfUA9pmFI+8EbjSoNqicdWcGIS8E6KwiyzLZmFB0MB6FOGtk0SDqwgilWrDSz83gWqzR5CqPd8fdUIgUOXkskme2Gv/o+fTrxXzojWj/puIolldgvX95+fecxCsMbZiWZrZMd61SpUMd/5Zjd7B0oqcTeWBbb7XjHvRK2Ll6OWZWXsm50/2RAo3bSYRXK5zQ19kzQ6WLEC1mnDo9J6LtYgtl+bPhaEpycabTL61AWqcTe8DtZfLGOWdOsxZmFTJRgVot3cbGfMlVL/ioViWB6iykFgozll4KKazZxtyWYpSZ3T8qdf7WgbbjMctVat2lKgSgFpNRZlQRzLDN99WLTZnlzh9Zt6HNhxgr1STFrkKlxOfDnXjZuNp614Yzdyy5WjtkeHQjwr7s2bzaatXnFyjHrvFVULn4cCWbZrD0OlYLWacbBa4kks9NYFxYZZsNZG87Ylihjn38sVFI1SFq8kWI2uBALD15Csc9mrLQRLGlSQI5ZP2ut86BJWAqSnl6UdNY1j3VhkWTWU5tObJI3OfMGpMe6sMgy6xaE45BYRSg2cc42o9k5d45qjavbhL1KM7t3a52HBq9TrtdUz4JlNDsm3tKUltVsI2kIk2a2UvkavBSWgjQP2WU024gsXnncZZ9FTFjolmg2oMX/uzEpn17MaNYIpv0DurTGzPfzs4QvwaxysX4pqGQ2q/LW/eas2SFvVTxymmXT7Nl9vgCzijBj0z6nkO2+Li1eaG1izdbj5w8GXUZaLnlr3sF28s3mzNjsZnvxdRadmkyQcXzBQCEt2jSI15XQ5KJ0s4K/zbWzc5P2wDLfiziIlMzWkKZskB5n9rUWqxDKLHq5YHeC74N0s6KbaO+/pY2Q2aw9YWpm78rJPfZ8tnUQP+m9jNtWdDLDyd0nCu6ak25WcBvt/eL9TykDZL9/1jkTMBteRez29eUdh6xZx1FnqSwkR/Fv4gq1tcZEzakXyTiZUS30/yHfLFft/eKwepQya1Ms5V1dse+VtnvvZadz4P7TVjlBxu7nd+EcrNjO24mzCVOlu5oXyf15xRSZoXyzHLX3iw/VavUoXdZ2ucvTDIYRbVEb7aZp6tp4V+UH6c6HpjnYDxeFVmNfN/XhCS/SoH4S2UeKwyqfqFpPbLWauiAAEeyNM/e/fvDMps1aICas9uFx4ZtF1uYnUPvw28Ix66tF1ubGV/vw/XER5CzUFoCn9uH7j8fHRSAWBaEAXLUPv//4g/GKrC2CW8stBdUYyNrc3P55GPcKtUVw/Z5rFgUhP9+O+GqRtblB1pbGNbK2LKC2NERqURByI1J7CLV5uT465IKszc31zx5/efy95B+Hf2UfGQAAAAAAAAAAAAAAAAAAAAAAAAAAAAAAAAAAAGwd/wFCb5bx4tTNMgAAAABJRU5ErkJggg==', '299000.00', '239000.00', 'INTERMEDIATE', 'Mobile Development', 'Phương Vy', '1620', '27', '1', '0', '4.8', '34', '2026-06-19 18:58:00', '2026-06-19 19:52:04'),
('13', 'React Native từ cơ bản đến thực chiến', 'react-native-tu-co-ban-den-thuc-chien', 'Phát triển ứng dụng di động bằng React Native, điều hướng, API và lưu trữ dữ liệu.', 'data:image/png;base64,iVBORw0KGgoAAAANSUhEUgAAAR4AAACwCAMAAADudvHOAAAAxlBMVEUiIiIm2f0AAAAhAAD///8m4P8m3P8m3v8m4f8iHx4fHx8iHh0m4/8iHBodHR2goKAiGRbR0dEWFhYPDw8iEw4iCwCtra3l5eUrKysiFxQiBQDy8vIREREl0fEzMzMhT1l+fn4jrcbs7O1PT08ifo8iip0kxeLAwMCWlpYjpLshNjwhXWkkv9tycnIkzOshLTEiaHYhPkYks8wif5CLi4tAQEBYWFghU10hKSwhO0EilaoiankhR09lZWXX19e3t7c6OjoigJMELyavAAATSklEQVR4nO1dC3uqurZFwvtVq1ALSqut2qIUrX1o0Xa1//9P3SQzgCK4us79vnOFyzj77O2DYDOc78xEjmvQoEGDBg0aNGjQoEGDBg0aNGjQ4H8D1XRt1zXVfxiCRziO3f6XIRWFizbLl8nLeG0i2/zNANVFzu04DoJ4u0C/GlFdmGg8NUQZwzCieI3svwmEiTYvoWzIEoZoTJeozhJk7yJRajFIshJNNt6p+ZpoPZKzES3JWLX1/9pf+9+GPZezqVKIcrxwyi7X0TpUcgPkqVpX+TF3cusIshzbbuHlzsdqjxyJPZTDUjorDmcqASF+5ON/J1MX/SKL0rYn6RWy2IrCMILnYlxPfpyJSKcX7LAv4m5/QjkRJmO1sHMXe7eRyMRG9OM5hxDydiEdIH/U0fyoLv3ylTHSsayouo1mEz+hQNqig2vRRGHvKOHccSBIMtGI8CMHqPgTKg13LObmptvO2GcSZAReJhNtLmTsGOEtaqevq55PKVvU0DqjkEiPdBgt21jjwMKI0SKx0M5ti73mzw8DQXdLaBPHxba8ylA3ChUeL/e6s1gZLAyaw3toDC+0lHhPcgCIiI8U1k+7zC3RLXF9lBaoaMyctvFDpo1iYEf2b49ZcGKijJJbO+2y6cT8Iqdsf0zFRFxUL4DH4sjMiw6GOQeSa+e70AqLiLQqVAvTCcAUK4G3Yuz8FGZX6kaup/FBEVGYspAOjWWmUTI4+nneRv3qNtUFOv21O+vWXgLhf+TDxPQ2xP9Jo9rZZpsYXHFZWrBxZ36aQ0y50su8QK6j61JnRrHjSmHqkJLhyZ8ocoCFj+pGj/5M6bk9Ue5DI6DnZNKAE1XiAGtKz66cHsQ8OvZfk/LZ15ueculBEyM1zca4xG/Vlp6/2R5nTCMfCfyXOC/zXDWlhzMpPfMSeuw1xDvTD/Bf0nNByEwvrKdp5hClZ1w8a3PG4p2N/QyPIq7Ye4Fjn9aPHpJri5NCpVFtVmbFMmOvqYWWi9OPk7lJlYGm1GcXZgNQBWwZa0KeszVYelp4KY2ai29TZZz42j2onCb+CsXwdFkkaVQI5bjMclcWTqlNba+puIhpNIhWUHKfHZctVI6mbtsSw11dtKHUrB1ZXNVlqUTKnGpT91VkgPXbkqJa1WGuleK4EMHyjK+1zXbbxf9rm+4zfUk8Nj9tWnOU61eLVzdivqKhmm3bQS/U0sjb3Xq+XG632+Vyvt5NwFbPkeO29T0uQEXrFxUmRpWW4lW9bXvIXNxuX+IgqfGI+2C1DT+Ix/PdxkaODSsc4Ljq59eThDxCroP05+VkFPqSIor5noQcJJlwFYXBz3xmI7uNpHo6Lo5zX+gS524bhL5IGnZO8nLEkiH7q3h+C0W12jkunC09wxK7+E/EHJKkgMff1IwetY2cZVBKiygaGIookyYwOX1WytNkh5z6LOWYyNyuROOQHcyDwupf0Xa5fp5tNNP2POQ4ts5tZrv5dswGKEpeE2XDj2//3nhXBag2mo8kcX9+REmotV1Cz8bONk1dVdO2L/JQN9seLCb7t1tix3NWXFKiSfU7MVVHH0fi4XcfjSZz6qsRzdMLgj8GaFqQA4SjgPbHNl75hzIkj9ZHi/BVgupsYknMvnGaKoTIgyCGtUOVl7b0BRjzOeFAxQEB8tPbMBEKl9UlyHYnrZQcWfQDWrcwNqBE6gIyh3X5/JwfMlxKCDR3BpWmsJXKo6RM56iSVlpH26T5izTABXMXQT75AnkFhImnW72Y+k2gvAMZhTxDi3HWeCeJq1kFqz/2YqWkRmK1tD1sRu297hwTyhh+SdEUYFJCWxJc5JD1dWnqkUb52SQ1aZI8qZwAoW3iaEQpnjED4QRUu2i+TXsJWso4lx/kyEJB1k1oQsgM9VjiENO+XnE6q1SaoaKArVqJrR/bSeZs3tIOMTJBm5Z/DhbLceyI2htsgPfctarSuxhk+dCjcaWYFjNMtBuxYEqSlxXKUlU7FBO5d/a/V6oerQirh0md0H75x7bHK19URH+0741suv5FaIQhB4Sa6Jl13rWMEyurZwa1PQXDqYxyOwLAuBpr04tzLbgqGif+CEd882yuYJ2NrQudrcr2oAVGR0tm/43S8OncYEP9T2pt8yZT/aAqFaAZLPZtEkXR9VUWH2GC4nQVuQ0LO5HNOlvzm7rcNlubVyalK89nBdZLIBfZSzZHm1rcxGETeQsPE1Alkyu6xIHDgWdg9siJq2gLgaKyrYJ9tmnvcUtcFe1mc+kilhzT+fjpdNBIbB1CSanTPyhzETXMxq7AhTs7WHkuWto4NzCjK6+KN6bZ8O6hU3eXSiuPbOcE2KlW2eIFRhs6y6pQZLVpJoXnURzugXGmyJItFB2XgjKzrW7Sd8VtcW9i+wPU6/wXeCDcE8vkXF0kbTxGOlVY48kjs9tOnKieXCYeNlXa82/J1Hc08otLvQhY2r1EM2lKyWOvouwkW92KOxjobanNb517vzNEJ6XCk6QGWBGy2SeM5bQrW48AhcW33ZQmaLA+KBZZ7nOC/dd1Oubb94ws6OOx8ckkEAo9p7J7fUEXYcvaq84Ff+/eog1MJDRMXymjZz90Bt0qr1zAhp8TfdPnAbaprVwLVBcMjThLL2F2o1y52nNQSL887jPnJUv45wVzDUvppROB3skD4YA6x5FpzpbjEWsIP7HVhBXXyr+WMwHEfb5T9neipJ5uZJWJZT5mpvyl4tVeJsFAqU2DOmsF4kInn4sfIpvqnvXx/GN29qYKlodAKVk+Vh0aWCrn3xbFKuyws+8Ye3bGSNMG++VYfLIIGPK0FlvmKL4r7SeTogrk7Gx9xhgXzUT/oEoQ5VKkxLjsWZ5Mtmzq2CTKq1G0h11lGa0yP3vhwfBgrsakIO0C1VN2VF2M1M/oC/+Qn72jIFgSF+xKChqcq0Jtsnw98aygs51Z4sg9+jZdamWmiFogKcyKXrNoX7+UVVr1UjlmqJmEHR2LhNasnFGVwzXcW+a7o3VOgKBygd0+mKC9ApapB2lLhixNsh1dbK0i9qDqrOR8u2vHUIOVp5XZnmyv2SqOGGgHARBkVzKnwppFy89kQfV2gU96weRo/8wadmqLpKqq5h9KHHkXzZnUiWFl2CGtTsyWyP7YzghSF9Qkj7ykEV7cz+x1z36ez9czb78zBcRMfLHThZyP9F0T3SZLjeKoNNA6R7Q5tpTTUiJMEPvTYXHLIHmjCu0F8vOBJ9JN0zx4wYWI0c+WAdOihovWq2RtQyxyA+cMFcXJIq/iTziP+igQBZ9KDPj/v2yaVSEGN8BjQ3gYEc0zHWcbJg1VYlRwXsK5A+2maZFPHs2RY+ozec83Q3YhnlxegDJzEiBBuqbsXBvtgrRLg6z6nHkiWggTvWR9FIofrxHoFot2kvTixAGG+jMserBYEHYUyvFzHBnpjY1KNmhQ2FqcNVDKoh+ldoSAubETNa6kfYzZb51lJNk9JSNcV647I0OuPYzOaPXskv4wXVVnbGdAWZUCIp2Wb6u6aXvI3Y3Dg1vJ4mpd8fZC1eEm0cHpepLcCoOX+QeH2MEZZcUPE5JbeY20j/lLELb2TzCkHVXPFSeHQLXt+cHZjLAVQG5NV7CfAquXg8jRaZ5D4XkeeWY7UKH3V1NMzGGzuCTK4VbzqqtWB2ijxXglHRUtkhlL0TRcrUZBitFqFU6jJEs9rrRK4c8MVShK/itUF3Hj8jZ3CSBTsCfFF5J/ifN6tHwfgAXA0b9uN0kZlA0R+hBOrAZWF1Bw95G2fgmmkkEP0f0dL5gYQ5oGP2sNUVdfgZLyvyOZmWq62PQu1uN4FEYtJckMpEPAi7IhReEoHq8X2FaTE7AdKj413A2o2gd6QY789rB70hZsBZmYYwZspkfAzsh2HXxRdjQ4Wyue1c70wFLL0SqvanJQ0AkQg0f+CVh/VJ4GnZZUz36t+N9hjkv2ELuwBLp/aA9sFmgZx/sJ4OBV+eXcOzH+GeW9CShmO0sSf9TelZfWT501UWXQVd7i8g7LNKUZqIyqw8ab4mtre8SIVHRkKoHKAR8s+WJs+YuinKH8rIlqA7axFwd0Luwskam8sL7fkgOg6nr6E4IlnOJ1TGecnjLCzhAr2wTAGmRqFzafPhyLmWcjRrCgLpY1UbZpanKii66agMX18qNT2KE0IjSES9OynJMduVuBBu9/AosKS1sjk/OxIIT2N2XXQXuVUrfT9Nki1XPptPRN1oUg70pbLf6/0sOZs6QeVH5qYUpP3ZTrF2emeqyHTjq1+7amphk2C5w61creJbolFnZOAcCxS7Vz7HCsY3nznzfPatEndj7WNiyEHemlp3izX18A82wEZS0FkLrV8NRLWiwszLnI+ifbuazErDEo5IprFidvU2F47GysovfsGetWwFZnB51Tkr8uzl7l8tStymBnYxWUQdPNoNg0eZz7kXROFZ1twBzX+W9r+1ewsPl4N4HNjZJN77ekytXesG3eYnjce8EOTK/TEiAD/LxN3qi2vXGLsTFlvyGkeyNoiZOkH+/Q08HhhzWshiWFrMN2pzaaJz1SSmAnupT9Opc4nR+czwNtqrU8eU6Hk+daXDI33UbzpAGO/H7ZfsPlmv1ul2SEeyvGDlTtC39op/KAdifJf0a269oIfcR+sgaohLlfv3P15HAMyYgmG3I2aNtGS9jg/VI7v0XA9uu3lNVkPJ6MUm5asjw+clIqWvppG7gRBT/b7QR+8o0c4FNLOC/JD5XtHyMnKYFZJA62G6RtU5KcDTn1WxfVBgqONqxLympXkkCo6HmV/9VWsv29lqpF4cWHfXSiNNqdaIDT0e1IPuiakuRtLe0ygzefKixrkEV5+teTGU3vI46S84nxkFXpL1PVA220DkIcIPphsJ39pslLtb3dy4gsHfthvKtwl+4vYTrIM12EffVvMwMcICEcUNt1Okf2JP79V7HV2v6QdoMGDRo0aNCgsujwDB3tP7uBxvPpY75bfE3Z62ePzvAS8GfY7fx6lJVxqV1fPvDsGf9wleehY+FLBg8XFeWneyFcPmBc9gThc/DLQdr9a/b4WhAemfzw/S/+8MrB8NMir1/mXq8KMD0aKNd3X7j+pX51htmlmJ6e8GbRx/xdnga+/wfLjfX0+XvJPCtgem5gpoNPYUgnYXU6qe5o+LHF7T2hb3SHApe8iul5/OoBKwk9dBS5UuP7V0TzOvjG6W3ggbV34/NFRo/2LRALofH3r49PFnzb/M3w8fGdZ7LxPXwcvuH5a2+vwv39NdwA03NxzdSL0dO9fnp8/Oxa+Jbf/T9vb5b29q1d37NP1MhIjX9/xZecvUxl9FjvwusAf/GXQv9OEJ7IPPkLQbi7E3o3hB/+SuhjA/WH17oCwTuQRujhH0G9gB7+lY66e7MGF+TCS57vXfGcAOa58yq8adb1F/mU/vtvrd3/FQg9lqZpVoe/xH83x/eEd+ypr8jsu4/CsEuMEp30H/Kk+ypgbdGGwg3H9I/Q0+V7VL0oPdgwveJRN3c9rFZYuTrXGqanyz/cgYT1LnnN6t+94UseEqN1tsD03N98Yzx9EQ0Z4O+2Q2T/Es+X71OXjSm51rBsDfETDcsQdtSHtudiYL1R9aL08L0vOuqJiCWmp0s4v+panwJxYvjKpw65CbFGfO/hzD1al8o/xSeZIP6DsSxpnU/MgnWBRUizeCwrGv/QB6t783Bv5TzXxYAD9aL0WI+fZFT3Xbi3KD0cpQe/SbjoXvW7moX1kXwKJr77Hwaj/yVgej7fMT6HfeHbwn/4K3dNcIO/ZK5DlOT99Q7rH0yOI4Jl5R07pkcjMsNsDxvVy9FDQggsSAIWpDfhk37INaXwnIH/6OuOhdG9IVb3LZUl4bWj8Y/YFgu9B0zPoL8XEB/TQ5TmsUvp0fhXMuruIUcP9ozDDlaxbwuLZiayZ08P81zEvGpYaLIcbNATHu9xToatiNVN6ekUSQ9H1OuG0tO9FC7e8aj7HD0cf/nFk/8TH3mffMp5s7NPz1ef1wZYBugzbDmxmb7ncXRnUdvTY/lC5/G9wPaQ8fgKTE/nCRsxMipvezj8zptFQk8qR8mnnDf26LnERpNnATA2mjf8VZ/mmtjP3GjdK0Ej33SHOKBCeqx7YYidNr4hDa1xzJSjR+v0L14FGjey6BrfWTt705zQ86dvEY/1yA86/LfwwA+wN+I7A6xb2DxhtcNT73Q7JMLB9GgDphYpPYSQPpWedzIK25f7AaGH7zB68Cfc9f4QXrBcDvlOB+vf1fk7dkYPfkTCwivh6/XpSujhWNG66188vX4JQ+Hi08JxTO/x6bHf/7Y4bGCvhvcsF0npISElDvk6PQGPuhRe8X86/Nfd07DD6MHyxTwVjjEvh09/hK8z9+vYIDyw5Mm6f8C+nOM/L/uYiIFGcscrnFFcWPxVD9uK7tsDzhSurom9wNFL/zNJKh6YISF3eMQ+3iKjrq75i97rwLrv4diyewWXdK8SaeGfLvv93it/5uyQamHyJ1p8B17AgG9VYw95+o6VvcHx8BJclBpYi1YFtS5c1+UHMAjzwi7pprpEP+XcM64GDRo0aNCgQYMGDRo0aNCgQYMGDRo0qCv+B9yvrfmHtpczAAAAAElFTkSuQmCC', '279000.00', '219000.00', 'INTERMEDIATE', 'Mobile Development', 'Gia Hân', '1380', '23', '1', '0', '4.7', '25', '2026-06-19 18:58:00', '2026-06-19 19:48:41'),
('14', 'SQL và thiết kế cơ sở dữ liệu', 'sql-va-thiet-ke-co-so-du-lieu', 'Nắm vững truy vấn SQL, chuẩn hóa dữ liệu, chỉ mục và tối ưu hiệu năng cơ sở dữ liệu.', 'https://lh5.googleusercontent.com/proxy/zfkM3q_6N46FVhP9rX9r8kVNe5IzPjSOtFb8zQBRBLYcdnctS26MbiuoSBkndrkThPvChJEKSHyzvWsuOFDWi8gtz8PefQm9zOY', '169000.00', '129000.00', 'BEGINNER', 'Database', 'Thanh Tùng', '960', '16', '1', '0', '4.8', '48', '2026-06-19 18:58:00', '2026-06-19 19:48:13'),
('15', 'Git, GitHub và quy trình làm việc nhóm', 'git-github-va-quy-trinh-lam-viec-nhom', 'Sử dụng Git thành thạo, quản lý nhánh, xử lý xung đột và cộng tác qua GitHub.', 'data:image/png;base64,iVBORw0KGgoAAAANSUhEUgAAASwAAACoCAMAAABt9SM9AAAA51BMVEX///8AAADwUTMODg5BMAD8/Pzv7+/BwcE5JgDLy8vwTS6Hf3MKCgqEhIRsbGw/LgA0HgB7e3s8KgD29vZbW1uXkITvQx3ycl1OQCSzrqQ6JwDwSSb2pJnU1NRlZWUyGwB0dHSenp7e3t62trYsEgC8uK8xMTGrq6u4uLgtFABMTEzzeWbb29uUlJT97OolJSVAQEDvPRD1kYJnXUooCgCZmZk3Nzf4urH6zccfAAD1lYcmBQAaGhr84+BzaVajnpPyalTxWDxgUzn719IqKiqOh3lwZlLKx79GNhF/dmRXSi30h3caAACGncuDAAAKVElEQVR4nO2daVvaShSAEyBsZYkEseCNgYhsQt2ordWCbVXU9v//njtrMgkBQkgA4bwf+sQs18n7zHLmzJgrSQAAAAAAAAAAAAAAAAAAAAAAAAAAAAAAAAAAAADgEzP1tV6+bLVavZN8W1c2XZztRUkVZBe9RnLTpdpK9LrbFOXydNMl2zr0S29VhMamS7dVJMtzVGFSmy7h9tBYoApR1jZdyO1A6y12hchsupzbgOlLFeLrpku6eTJ+XcnywabLummWcCXLJ5su7WbRl3G153UruZyr/Y64npaVtcdj4gFXUFD67dkBRD6TtIfMfY237A6L1BdzahqNybXJvdZsaF87+QvLCEvF9G+xjXzjNJXqtBt1LGjA7h3seUNsW+8ft86lnBkZ3eRHp9bNF+sr4RZhN7XLxTcL8Vg7+qJtHe2lZKXsux+iL9vW8SD04ovvFtTuYb7GEbsvzh2LadTyGoq3XRzIS9WVW/H2vYu1csLL+5jyOSZG+5aVF7NYOT8PiJ1WIerSbRntpSvKcgPCTlFf+tVFvXu2mCisfNX9PSH2Wns25RHe3G9Enlv+kc2ihbT7QAlQTYQczmDx3eHw5du3oG98WBs2f5uL71uM2KZ0n88IC7H1MMrgg+9Xx5Xsl0CPjpvFRKI0DCMkNFeTtaak1verWCyWDWZLRa4SCeMshGIEkdVbtyziKqAt5R67SqTHIZRDlOV3Xny7ZlnMVUBbTSJLrbIfq0ZJPQxYELHP8rtiIzxSD/hrl+K6ElvB1icVuSre8YjwOV1MB5WlLP/mot/1jIY/VrGl3Nwb3a7VZb0XE4FlidXEZzKvIzwSfZz1/Vpa0ZZkZuxtnuYwsYIsce+av2DkRHgi8gj++1XFZes4WATBGNVWkSWms/J+HtCEByKfG+K+ndnKVrLBe3nOs5FYRZY4LfaVzMuLDwT9rT6h4yCxJUl/fmUX1q3k5Kx6NulrCkPSzhgTSZqMX3Fnnyh+vsE8L18ex64sH5GA4/6I81k8ZmC2flbm91vaYaJpqKpqdPG/iPux1P9HD4dvkvKPxqfIVgmRfglQIjE9tbjDVi7E26PNlNrx1SM98ZidZ2ticBkcdSydGfQw/UlSDMfF0ihAkRzNapEtxZGCjzYHb7mKZY/omaPsnF5+ckdVlbixUq05lsb3JUvWnaqyK7iudW8ClKnveH25Pu9e1463SFd3bFex2DEd+udFp5qBJRW76Zv3YQ0beR29PU8kZfKS5rKq1Wqa1qkzdFidBClVi7z4gzU9nlm5dPe+7yjXDUVXsez5lC133RqTQL2EDWgj7MTgI/XnIpWFIVUr+GjIg8w+qjd8l1ahMxUSaPrgwqUq0hVphytUtR7RaCjNq1u/cXPrslwA9lPjfVKoslgXj+NLIZ/Q6gt3FB7coiLu3l2uSK/1A4+J15Us7+WddatJYgL2wxhXLZ7CClcWm7/geZ6dMXYsIXruooywYrldEVn/Xf1Al64fHyte8RbOxJR4n13FUppsQhKuLJ5z6Yg9uHOgy3vIiq7HmnJFZR1XfpDLP72i0yGuWe/sh0Ncs7qsbYQsy7QFfWWHPecdHpuZoxsKv0y5YrJi3BaPTn/ZD70XbT8aCR/uWccbsiy+nQ83xFScHLqGRG1aVnQx1rfKLFnHf+kdv9jpq5/WQ3Q0LOLRcPIZd/YlXs3ClsV7dnKsdzrTCeYpVxHmG6ZboSWLzntsWXY7ZHGW0VSb5CjR5Cms0GUpHr26A7erSP9+5/x4hqzYMbnOmyGbM1J4BM8wrNlM6LJ4tzUz8+lyVV/x1y3gyG2Ly8oeodb/M0Y7+Mpfx0P9d9tW7d7OKYQvi9tqpWis7F7RdLqKfPeMu25xWbFs5YiHDi5XUvK1mKh1u4ZhNI03IUqclhUgOePCyr20yuXLqTnPOusVxlW3LFk4dI95ujJRV1UbKfpkMnFmfKdkFV9XL19SDNPnyVrLKoWzbh1jWY5B0stVouS1xC/KIseJ9GjSn4x/r1bAE1+y1rTtVrSVPUcnlPPsbFcSCRdeX0afDsdVVLd4YKMkJzQr80Kirrca7dJwfnDYl1bidLGs3tq2ZAm2aIpGOZ7tCq/akBxWOp1WUa/VTDwTF4d3LOVXav7DmeWhPV6u3M9rhQWyOiv+gmWwbJGKhU9kZ7nismyK6Xvc8sjEhwUTOGAddXlqOT1csR0i+jRp5V6dlj3PRgy35U4rT7tC0510wk13jGQNVc4diVLHKs7TG8PEJ79bO+Zi4tUxd4B+KcuX69+5xm1VyLTGMxblKDclt6xiGrW7qg0bJPt4ASjEziQztdyqTJ9aB8xWNvZHkv7wWNTLlaSjmlUrdYdNFGmpadrWhhsp8+aw6lY2O69ekakhzo1qSVOfnB0miK3uiuPdh8Mdy3u7IkmHrl2RzC6ZS+9ZzXLbmuGKBFBduyPSScDQDa0QeruRbzQ62y9ftDXLFZFVuuEvM3kVovaV0YQ8Md0OYk6ND+VeucfW89u9crk3rVXpoVui/8SDbWumK6lqkMBTvRm9jd5pRquohpOf1GU5F2eQhQetNbXRgaa46HHde5pD1jGeQinRXKxefqYrNN2hcVapVGNL0ul0OI3GtFUhWbhq1GV04IyjFHQqx2Qd4MtestDpVihFmg+1Nc+VpLzdqzWe0CrWjOZzSH8p8CATSwy8/HeLXxu3x0EZNTgy4m6TLOm8ssAVLs14lFC7zWazq76+nYW1RNDGrnLyQcZEQUmbzIwLvGaRuSEJ37dKlnR9dfWfj9sULYkI89uXT0SDo0XjXBZZ/SLWtlDWpsCvGJ9KH/SpvDrIctDBFlxr75n8YJBH7VEp4/cvDPKnXrJSeQRutUl8kKKybs0DNJRe7uhnjwa8Mxcg23BT2pPMu/4ek6VnEPoJlXXCOzSyyt+jdRRvj8ihfy528q/LrTBBSVEyeC8DtmHKVjxRJrLifKNInMiyOrSMTG5JynEhBNnJDxeUeQdk7QKxZdEAzKpZIrNk5ZjMuM9t9B+LnvjKcdoxUVlaod7KYQ31QsOvrFzrNKmQYGQnvzIp1CyXLIm1UZJwJbLkhc2Q9n7ksV38ohbprXHYrlMLDlnOOEs+SRLq8mxZZCKdwkc+Pvvz4chb9QFpkOfLqtNHDhbJ0vF/Zxc/qNUm0RE9VhbIYpsafMnayfC0T3oguhAUlixyouf56z44cTziXdBF3pBktXe1g5e+kqoVb5vJpO4piyS2ZsnC85q2IKuObyDhyNo+8rBOFNkOzt2jYZ6IPMk3vGSxiwe3ctwOSuWn/KBHDnbzWyu6mCl1ykqxyWHPSxa/KMcFWXHu3NcHpT4gjhw8/myWJUu64CYUdItLFsmEcV+8Gco8tN3ZLwAqAys4v2go7I8CyNsm6cblHt0LUqe3H7B0g8b+1OkyU8YLHHjDdz51YWendxaz0xgMrHVDDcEvnDYa+Juuin3KvoyeIhcl8jM9ix5oZ+B/YwQAAAAAAAAAAAAAAAAAAAAAAAAAAAAAAAAAAAAAAAAAAAAAAAAAALCL/A8xMd6kiBQl8QAAAABJRU5ErkJggg==', '99000.00', '79000.00', 'BEGINNER', 'DevOps', 'Khánh An', '600', '10', '1', '0', '4.9', '52', '2026-06-19 18:58:00', '2026-06-19 19:47:01'),
('16', 'Docker và Kubernetes cho Developer', 'docker-va-kubernetes-cho-developer', 'Đóng gói, triển khai và vận hành ứng dụng với Docker, Compose và Kubernetes.', 'data:image/png;base64,iVBORw0KGgoAAAANSUhEUgAAAUsAAACYCAMAAABatDuZAAABpFBMVEX///8DmsUluOsBi7k5TVQAqtu/298kvfEzZ3k5SlEAncspb4U6Sk8AtuIuREyUnKA9QkUiPEU6Rko4T1bU7fEAr9gcz//V2dorlLKjq606QkUfxPI1YW9YZ20mpso+PDwfvuoqncAvgZpkcnY6PTwoZ372mDj09fUMoMZPYGW5vb80V2IwfpUpdIkTmbsAAAAzmM4tjank5OQxfJjJycmBgYGUlJSAi49kZGShoaEZNj8Cj7suX3F0iY9FQkBTU1N1dXX/5GpAfq/97qCIkpbl+/wAhbY9LCQ7My389ez727/6z6v75tTxwKL5s3T2kSX3plrlXQDqjEzsn2zqgzvwr4ToeSbtoXPnbwD23cr4vYfV5/NYp9OZx+L5nUT3rGJyaWJQMhTjiS211useksyIUh0YDgSpaCTCeyx9RwUoIiEkFgr/pD1TMxJxRxxDGQApDQDZj0IARluKqLSgwc1WoL675/t4t9Onwce7zd2WtdAfZpp0nr9QhrI8JxnJzLkXYJrc167/3lL36bH/5nD86JH+1jn37tD32HL9zxSSsLZzm6X1gK34AAATkUlEQVR4nO2diWPaRr7HOYRBlpCRhDgEFgbsCCTAkTjM4Sup3Thp2vQ1u922TtptnaR9frv7Djt22uzRTdIkTf7pNzMSIEBcNraEwzcK50iWPvxm5je/OeRwzDTTTDPNNNNMM8000wej0mK6jxbDVp/btEmisT6qz1iOqf4s6RnLMYVYkiROAuFI4IkkZyzPIMCS94d6FGFmLMcWZMnFItxSxO+PLIGNi8SEZGzG8gxCLJcSSf8tQdjjkntLkUQsh5uxvH3nk0/uWnOSdtant1svNZZ80p8QhASXXF6K8LEU28vy9mfX7gF9PqPZqdv/8QV8RK9HZPnJvWua7t02PeQHqzv3//DH+1/eR69HY3mnifLatc8sOml76u4Xn97906dfjWGXt9soZ4Zp0NdffgGLyz98rb0dieU3RpYfdokZVg1v7n755R3wqJvlYJb7Dx5dfyg6HAjit99+/vl3HzrL8upqyfj+zp9F9ev7f9TeDGIpPrp+/fqj6yLI4j98/8Nn3wB94HlcXVVLDrVSER1irRx2qDVpL7x5/6uvtG8HsTyALK8/enD33rXHjwFFZJ7fORyitRdkpTY3Ac9KddORqJZX1cR2bW9TddweIY9rLK9fv3vvL09+/OHxjz/++P1P/1mrlJetvR4rJR5ub9ccDoDT4ajWVh2VJ1vtLwex3NdYPgrf++G//vL9jz/99ae//fTf4UOpat21WKyoKCU2o47wYQ0w2KodOrYrW7XWtwPrngcay/1711Yf//Vvj588/p//vVXejCbUAX/uSusJqHoOVw9Xw+Lh4eZeZcuRkNR2ZTSQpXgd1T67uk8EmpAfcsUDJJZUEVQ/InqliqpDFR1qy7KMLJd7/Evx4YMHDw5AE/I7APLbb7628jpsIrXS96tmnIhrxYmWYzmT2MZMw6WxVLillJ+D25KQiiWVGcumFsZQmsICXCwU69hi52V5dTzQLDW6cAzD5XiP5HP190jZKwMz269rsZ/wHp2r76xEU9RVKSAgS75LAT4APg2AFwG0wRcB+DmJYUxnSvgFcw6WKgV/iehEL+nyJEJfB/wDgm8BS5nrVRzjY73KkXyhN61y9vJS1LIFvTPJK7wkqVJ1a+9wc6sqlaRoCfiPiKVfKHAZtBXAloFbHOdjS8LSkhDzCzGO0zfEsiCADeyhbWCn1NlZ7gCzZIC102uTvc6Ll1T9v+KR0nAXj3ay1US5VAnrLHMMRzD+uOxnZT9G+BMpxFK45U/+M5ZKxPJMiGBDcV8IshQSSuZWIbKXVPaEVIIjyHOwDNdZjPQUQSFBpSd8rRerUvr44OPjpwfB0+OnwZPjxb3ViqizTLFcnvX74n4ZbHk/r7Nc9icTMYUE/ngoL4fihMaSUTKJQiGQiQQEhQH7nYNlGseYiNer8FMGsxI9OTn4+GgOFFLK6f7JyVwVtQ2tZBmmMTzudbm8EQhzarK5WFaDJyf7Tw9OHY455QSIPEQxi8mxFLe2xvQUQWnJOAFLDea01OaiBP4DgAdHp6cPkw+BWWajErKlybGUKhVprEaMSLGYDFEimCxWLw3fxwZSw+GSJB2cnAQPTk9PgidHW1v6iU8wj1er4tbmGJm9RLNMSmPp8qIKaDpaQABmeGu7unF0/Ozd0eJWuSxOnmW5XKpKFUcZERGr5WFkYBb3uHR5V0iMWrxYCJOTCNzJWrlakaoVtaSG9ew4OZblSmUzCgBuS7XKVrWyBZ5rW1sDwupZ0Lp3tcWCIlO6JBYTkOgIAwe9FIbNHv2jybGslkpbKrD27UPHpgMYaPkJfO7PEjQfyaK3zXJ+enK5JnDNqmq8vsmxVBObtc1y1FEF5lhelSrbtQrsy+x/KjTGKAaWsMicHsfIoGjzGidYXlYq4uY2rMpFhwqLFO25ryRQXM4bWLpccBLBFHS1Af+yVinVSpJaLtUqYq1aqoUr0KGbHMsSqHvUMdyaBWPVozlGwDCnIMpRUSUJVgZSWZKqgOp2NFoJlx2jsGRGz+NjGRWMa7g65JWnosQEIMtl4E1HwaMEiJZrYuXMdikAlsuAZUbhjXlcHA/DGoWx3k6WCsNOU1XeLY0lhljKOstAm+VeLNVtlwFol5FEQVkWlABkecb4ZRrvZulyMRienfw1XpYQS4XgUoQ/l/fn81w+5fcpiCXn8wu+WISIRfIxJRdKKYgl5ysI8UIhninEuYiPU/ITZOn14Rht/0zuEKOmYiFLv5/r2uJ4IBYKdW2QZQYl4LQNpfUrsMowPfhAwmZ2mWSmwl8X66Z9i8APYX29YjGc6JWM4fHetHFwDNNj1wdGfjZ6ykuXywN+loXLIjKO1P2ff/65VbWK1Bhdi7BvESfNPu39EO97XGogS1j3uLoFfq20Q1Sl6NoiC38gdjG9IKmWZ/tfbgI9f/6L/hayJAM94gG05e4PlwMAUG9S2A/J9yQOMBjL8CafDmHZ41/qBWZ2jaVoLcOgH5qiaXZNshSneFOnqRdagCXpy/SowGLykqH0Qy9BeYkxvWkFguQFf7Ow1DcOlJdkrjdxhGEHs4wClplulgT4uZoZyGDzgOeahb3o4s2//6OLJU74BYHLCFz7kRMwXA4t+WPa5l/SN1CPc+BbDqTKoA2kzXB5MsChBLElwxZhGKV1PH0TuMIwliUadvaYsAQUGZ7BZFg0x4HJM6SGM21V+1IUfwGCmTysDZHWWMK+Rp8fz3OBnJBIZW4VEEvQtsnzIZ8cYuMhLB/aUxDLwp6g7HF54EOSnI+Fvmee5LmlvaT/n4Jwi0veWlL2YjkSskxxLMHt5TIJJbMXKcBuykyBGZLHYZwo38MSxxhGJpR5D5ALPnjmG8U4Q7I4RtXXrMjp+8AkNat8/vxfN169dGjlJYHaNoSfzXNkTmBSwOnWWGLQHyfiIdkXknMhXmcJGjYJLkdCP56Q/XGfxtJk/CVgKee55RRqE0UKwJUPCENZIte2h+WyXEQcOzVfZHnkLVy+wyQijhrKX/9148aLN22WnIGl0GTJdrBcbrNcHoNlwMCSH4ElqMj5rsrHqzhdvSSRGjIc4HH5XUL7bZTPf/03YPnS3C7PwTJxfpalrgCm5mH2VYSB/tKl62cE8uY/gG5Kr268ePGbHVk6wBl1e+v9UXpYa5ZIgSyfH38E9RsgaVeWa83+8VFQwqi7FWM7YB7/+2+vXt24gUi+eP2RLVk2x22MgrIBfX8rnCIRmOXRqxbL17+/sSVLfTzRKCjnYcVjTUv9l+e/HukkX79+/ftbhz1ZqjRo13pGQOmRLew9399XIcqPXr58+ebNG/iJHVnCEpNs5vIhKK3svbitGeWL399o723JEo4LZnzeISydOGntclK3UUn51vHazizVRQzCHIwSDjWywks36OVrqBdv9bc2ZKmu1SFK1jMIpVOGNbjVcy3evHz79qM3zXe2Y1lK0+CU8EDe5e2P0umDUSIqa68hCG2WPp0l32aJxXIYYhnvYpngcqgP3MAykPTvIZaJpUjAyDKREvhWbGNwnEgML1A0DE7ycTR0wxzkvCLzcH6WRc5Qf2ks8wTny3PrKS6uCDLYNJYRX0zxhXJEiMiHfEpILmgsZSEic6k43PI+P5H3w/jlUlzwy5wAt6VkHOynsfQBnOB4EXDIgpwBu/aPX4rSWpZGAV9eTnpNUbo8GRhpY9CElazt5lJp8cvuHkeOgyx7exxRLNgYbUc9jigW3F5gUE+LYsHGoDzar9cuRVENS9E0VtdAksy6E5FsoiwSxZSiKMUi4ZPJAEPiKAK8aPVoYTG72CNwZnIun8vlwX/wDB/hE4axSqpHMkbmtARoh7y2Xxx82pt2hcR9zaNqz1AEQNFxFtksS9G01o9Dkjxe9Hg7nSGSJBkkEm/2TNTT1tukWjfvGSR7df5PYZFmnrjPSTBkvDjv9XY1d1KMsWuUoimre8x0hel2V61Zl60Vggu6MnyAkYtJj9ekEQ4HZtU10awtenI1lQBLeV2XyVACS0TkixEnwGgeZXPyGLUmhsNh1S4QdcFxos7mWXrtpL5hdB/O2nN1hKiRpcu+MviSoLS05zQKOCZi3v4sDR5lkcQs6GQcRTsURnpsz9LonTMsRllNzVxrwI2zvV0aURZJ1p4D3LQxZHa3y45GI2ajkepdNeCkWHZXu5NIqasDZarfDAoravZ0Z6t1DZ9IHvcWR0U0ekpdHSg9MG5uZpYlK3px0/WOShDUPbiJXXo9Y12xN88To+3gJZbHg+npGDQEK3Ezs5TqFrAUaYxOG35Y4BORPXbpdeWXx4Dp9cQZjJFH2MML+7aY9dGPDVs5xNDSUkzTVswEAOwwCmuHuEx8da9XYUmMTI54wV5gLChcw6R6GitdKb0plJIkiyPS9Hga4ExYpWWWpqVlFA5qvfzKPardWIeiFvRYvtTJEtAAaFAchl/PDGEDUns9kTjfDPSQpOLpv4vXpTDNAA8ZiEcGJG3u4XHG0R4MWUTnOM/3mqW6QGnDgy955QhxrXWPIopKo4kgcAhZo80yWZQZHQ1LMnGlO8DQwRGkjpOMcUQ/gxNJl8keMC1BMmwrIYvDcJrTZdLwbu3iKa63gmskIxMRj4/sihqHo2mqNVOBvsQBrOoC3TFDgqrT2R24ZEBqft7pVFLEOskzHcFEnFxm4chbV3fUwZNJpnzYcisWaxDPx1PJjj1cnLO4zjM9SXGS51lfKplB+aHjD3gyCsHynZFNkkFdOhKMD6nhkhTdydL1zguiFy6l50yUDL+g4c9T6Cw7gtRGsRgOvoEjwgmiCEUQvrjM9kmtC3zLyjBwhpKj1KbpWHh4suf46zI8Qu/hWR2YLvPLSV9wVFgsLWTr5hOgtBMyiXV3iTFoeOqOPcZM3ncPXIM1TPV6dqF0UeYZji7s7PRf9hP+4CstmUwhs0IrJvIBmNSAC2kLXO7gSYEXJRjccDfVmLeFnO5eNVb6uOk2EnQwG60zdtpBDTOUaKyQXYIafQScIrJoK5YmJIEwq0ddjSA4Y2+l/fNbDdLUKN0N9zo5DUu/LGKYbJ9M3gflNORwh9ZLYThta1Ga52+Uw6dhQbzOAtNSlqZGCQVHF9i8DkcS4XyP9mlbiLIfSTdwh3DWak4jCc73cFsPs69RosLSkhk740vqyOQWsexP0u0mp2ddQTh2VW6f+Tgl5unpqXDhKNlpWiJ4o6MmHxlmQwjuAs2dn+YgknAG8/QsHYpq8hXD6Y9IQNidS9PYXDCYOSfKASTd0EmfBs+yJRh2M57/SATmg3MYRe3sBoMH53KkBhklqsKn654/UZDJiTFz+bywC8oGfDEYfHYewxxM0g1XKLF9M7xDIgxijmuYp7sw0I2zbHr3zCXmEJLuIjk9q6k3FaU6S8xRYJ7uarcuoTbOzHIISeRY2m7KzjCJcEqx0UhGyOXC7gLq1aSfBS+CZMPdKE7lfVHgEATc13EpQ1E0DoJpmqLojd2Hkyfp1qO/0+NYtiV2V+WjWGZw99nGxrPduYsgqbccp+meKC1JdEfjZyDM+Xmngl48BM568PRCSLpXptQqoRZx6BcNLzMhyBWWkeHrhjOTcY7rXA6ru7W/vTKdZaUmeG82suuKuinOOxtFQkZDMJgz+ucjkdRaO1N5bzNNcNgW6qxotK3TqfexAgYKmsgJZ9yxOM7wxEWSdMNVM+rT5gwZlaYwlmFIlpWB1uPaVDT4miUZHo6mQCMncIpm00Xn/MWBRB761ETZzCV2DM3RZibi7ZE8OE7BhU833s0Fdy+SJGo3TlnDsVdonmmfITtsNr3xHmLcDQI9HLO0HB2kVlTabamHMwgWmdln794dvX+/oev9+6N3z+bm5oKdGgvkOCTdLMgKHaPAp1U7FHCP53oV7NbIhjkWR82rnLpoRh+lKdYUZg/OkcJsY4JE9TdLUVNeVLa0CCwzawqzk+bQhuPYHN0NAhnlVcjfmkS2P8wOngOajuMVkE2SRWiU+OA7AEyZxCwFfMhnfWm2gE4OI0KJxvnTi1Nff3cIwsSod4NgIh27G42Gxg/pjBA1ERj0hK6UUSKJoAGE0RtDYZ5+fC58BhVZraS8WkapaYOGfdJDYT6dBMyGGxaU1qyIfimCvQ/48Hw+AZgNbXIWNXzVxqlVCa5H18fTNMh5Tpha5Q3veXAVs3dT6iKsgYaaZvJcKAkW5e6rWVAatQBXJ6MWB3pHAObHZ6rA4U4rGCJph5XYLlzhLCw16fRgmk/PAhNWOIwWlLLybjuXqSicu4lTG3PBATDHdY2AJ1pc16aNUvXLmQxqC6nQO4IF2iDbPG6MRROC1BaszEavTNN7JIUX63C2N5UdVAslR4HZ0EBisOeNxay9lZZV0lY+htOJ+xvn6Ug5e4VlUN7GL35qsm0VTqM57zjFpt/1Kzr7uO0N7aFRXJFR5xG6gVY2+uGUkr1SF1i0mDTshNx4Z2qfx2YZHaIEGMnmzH2Kxj9Yi2xLBFmdbk6Hz6bNgOp1UMtFKhZX1mUMrWHLop+hzu6UPniQmkRpA9NX7MBJeJNLOb3x/ujd8fGzpp660TIP6+syXKigvRIwXNN30R5r+tpHYnghW6ep5loYsMvcKH11B8PNXsGHdB1LR2f2aCqxtJDOQrPsv3iJDpEGhcGOFJ5hHChRDEuQKFxJGq7IogutzwI+AwzXolLJZksj211iOFySJP0m4pJUKoXDM4IzzTSTrfT/PCWbHHn3F+4AAAAASUVORK5CYII=', '319000.00', '259000.00', 'ADVANCED', 'DevOps', 'Việt Dũng', '1680', '28', '1', '0', '4.8', '30', '2026-06-19 18:58:00', '2026-06-19 19:41:36'),
('17', 'Triển khai ứng dụng trên AWS', 'trien-khai-ung-dung-tren-aws', 'Làm quen EC2, S3, RDS, IAM và quy trình triển khai ứng dụng web trên AWS.', 'https://inda.vn/wp-content/uploads/2023/08/dich-vu-AWS-3.jpg', '299000.00', '249000.00', 'ADVANCED', 'Cloud Computing', 'Hải Đăng', '1440', '24', '1', '0', '4.7', '21', '2026-06-19 18:58:00', '2026-06-19 19:46:35'),
('18', 'UI UX Design dành cho lập trình viên', 'ui-ux-design-danh-cho-lap-trinh-vien', 'Hiểu nguyên lý thiết kế giao diện, hệ thống màu sắc, typography và trải nghiệm người dùng.', 'https://www.toponseek.com/wp-content/uploads/2024/07/Whats-the-Difference-Between-UX-Design-vs.-UI-Design_@3x-1-scaled-1.jpg', '189000.00', '149000.00', 'BEGINNER', 'UI/UX Design', 'Mai Chi', '840', '14', '1', '0', '4.8', '37', '2026-06-19 18:58:00', '2026-06-19 19:49:16'),
('19', 'TypeScript chuyên sâu cho dự án lớn', 'typescript-chuyen-sau-cho-du-an-lon', 'Ứng dụng TypeScript, Generics, Utility Types và kiến trúc mã nguồn dễ bảo trì.', 'data:image/png;base64,iVBORw0KGgoAAAANSUhEUgAAATYAAACjCAMAAAA3vsLfAAAAdVBMVEUxeMb///8weMYccMMtdsUUbcLv9PoldMW6zunQ3fA1fMglc8To7vjT3/DM2++jvuLC1OtAgMmWtN5Qis1DhMtnl9L2+f10n9WduuHa5fSKrdsAacHf6fWqw+SOr9yBp9lfktC80OpomNJ7pNewyOanw+UAZsHmWfhAAAAJj0lEQVR4nO2bi3qqvBKGIZkQa1BUEDxVUXHf/yXuyYGjVmkrtn/XvM+zVgVDIB+ZU0DPIwiCIAiCIAiCIAiCIAiCIAiCIAiCIAiCIAiCIAiCIAiCIAiCIAiCIAiCIAiCIAiCIAiC+Huw7/DTF/9zkGxfgmT7Enb8oMRn4ECyadVk9PYZijGQbIzxo/851pxkY0wGn5TNt9Ptpy/+5yDZvgTJ9iV+v2xg+GW36Nuy8ds5ypOGyaSQcb7M51xAj+Yg+Gv0/a5svHib3uI50wN49paaEwaz7LFukE8j+RLdviubWN9u4PWZHI+Aue59N5nsULsJf9ie4zgO8t5on3BRtqNhZEufIRvMfT/M1FbXJUk06ifbvUnJnzYVf/FsAxn603KkwFWPI+LZ6k4zWQTJM4zAe4Jve585jA+alltP8G185Yf8c8MEcUc1plJ//ktk87hFbE0fc+G2n2ANaHKHHlOsN0wFv0e2sh/bR/yky/KsZ3vWKA3/fdkYSCmh2xZaeyH2fflBd42W7n+9faeVOenvlo0pbaUN8wKzja3NF6D/xof9Jpu3UljGZa73JsKmEJD4/m0PLsV4aVpy6cF4zNClYX9nlERyc6zSJwHb35JZ/2j9CDNO5DfKxmQYBEEaVbqxBLeDHTC+1l8kIDah6SSdJbW4alzYxNZfZ6bGYDL19zd8G/DTm7uKXSb5Lp3L+VRvRUruU52m8Fmag2QX219aeFLvm0wmmPxpjt/XbYDZxkf6U7CtBFno7XfuCaNWwqd1P+dyBOLQ6H1kIgo/3oqkIGeYzRX7zeIY+AXHPufj1J/uN5h74Jlm2KGY+Euep344WmxW2DqNlScaQwzFb5QNcr/8aBXZGbXAyTaeNjtaWovEZKOJHryx0onq6Abj0N/lgiuJFp8tJPbprf2lUJIDq2XLcz/ITCuhp2ICMGZjvMQEr3r8hJxyiJBgdbq4iaRHj5aHd9jKdsF/wWTiLDI1npzbubY+5MvIfLHR1qlwb5i0chmQO1RGlueU2Gd6wLlld9SyndLQcwYO4qjPDgBchwTNt1Vryza5JnQ6vV32h8MmmoU9ZFMb/TF041VmIulSUbiDw1yIrciscCscJ5vbjwLjHp/r/amxI3E2DRpVpij89bY5bJRtV5RGV8u2xiuspMZQkMnhImn6v6tHVNvIjPMAesJLpbg4PZYNvLT67HlbLVaqb7GTbWd0YCoxrQIMsfZZxtF6Q5XpjbMNiTFO3HApmklJe+S6z0qhWjZ/0XD78uxPxYAJiH2w0oS/G0+joNyhL/yRbC4oRObKrY2aOtzJVl46N6ECDwEwN82NXo8ONbTDBq7v23TuDA47Ltr+HPucNIOPky1tWiJgTMab82LZZlujkc4d8f+8h2xWWxuwzLidzzOyjcpx69FoNyal8Wx4GouYNUyc8bne3JsJp0/SSaixz7p6r2WbtcQVU5MZDWakrp40+8xHbaRzLRGo/Hw4zTnvI5sLCjb3DY1dskq2U3Xl2ph0ZsIL49nmiWWu52q98gTihMdN9fTB2xGoK9nqpaJatvZCCN58dG6DzbbQsNOSqEVgNjAlEsY2rYGtN0kf2dTeCKHKibdQXiVbfeXWlo+cl+lrk8YAFRRaedBO6q2TqmKf8Q3Z2ouVuB8T54GLK8wJULao3Iz07LPTx7jwPrIBaPsLt+ZGI4rVsrF6lOa7Ga87vy0bTjgMqVOug3I3w8c+k8ey7fWNG1i2oC3bQmnZwvagHpXydiIlWFDp3c7TdGWzxnnk3c6vZMOmmbZu9JPdNV5dJVTX8aFsK50IvlY2M9tk9jnZbORYcVjqv86dXcmmnT2mxXaF+H3VYtzxYW8oPg5/9hXZBvZtN2Uzvo3xuLX6/XDhiGvD21lvX9aArriqZTPGuZFWvhNXTTrjQzsLOPq29Vdkw0iaDBdJb8tmIykDfpp8QjZbKSRb7ePKsGZlW1Yh0tYGuc3NXJr3EYBpNsf4ksJVJL0lW6szUEHKB8zbbstmpxu2EnkV8h7KxpTeXORW92qIfiNvs+U7ng1M5dFa7bhaU8c2KQc8ybKXbOtm3oaeQu9+sWw4UOlKhO0p7SmbDQpvFyN7PUTTxk4+aVOZgmNKa3qNqkf5WJh2h4eKoBTY6fSqSrglWysrRhsdsib9SDZ/nQtXXalxrwTEc0Eh1UJlpZ9xsqUxluxSJHWpZa0ULYtjkSC5iNd7PKb18AvDBtq6rtSyVib7kWx1xeWppa05Xi4bzph8a2ec7FOT2gG5bCytpkeVaBwPy/PId1J5VZnlh9Epjk+rtY4TmChDZbYgFrZmxZiYJrw6p/pItpkflQslcpy6VT0MQflrZcOoeLYuTox6ymaDQr3uVsrWXMb1J1ZTt0BQg7JhpboaC46VsBLjws0yhgbnn4Uys5Jv9vID2fKdPwKObhMdcmAWpzyTJ462+sAXyoamarSSp56yAbNTqN7lEpBFYxKXj5tUnrbOhQmE1Ittk8shO0R6PXjjlkQUZiu71TKOsyLwI/WRbF7gp0UWxwc89uLmuzbxIo433dxvWNl0QV6uHF3JZsuplie2RUAjprlnCSJzpwsO9aMryYr6RLNc6Svb1KniNC6HCuJQFRWzhImgWVytdAlmniUocF7AD0/VFbhF5GGeJXRka3wX4xd2/ez6tcDrd+5tOXquE08nG4DIV++XfSyaOSlwfopGx9H7InfvsqGBydMKd0VnaD4alCJeFbg3k+j7YNw4J2NjXYNo2QA422OrVdw8VM2j0WjzhFXxx7KtzqX9pFobWzbdeJuSdVbprZE201MnG9Omxnm3DsAO7APWRgR1u7pPjpt7GbS6MAtUE5PdmVads7BbJ/4CPWrSrdyvraHoYGrXZHu8hKqMRTRL71q2YXGyDUmfUl7/Rgb1Mrkb8LCnbPVSZbXnX5LtYlZ7wfmurfXcj2XjJv94a3rfPy8buPLaGWn5AAa4cPHurmwghNie/e5k++uymUXxSra0WDL7OrhKVmXDe7JBvjsebZKwamVIf1s2PzU0d4ST2XG6brS6L1vZatp+O/CPy9aDXrJNOy++/DXZ1BCyhYfuLzDsWz8vkG3deKo4DEY2Prqr0TWTez+MZF62X2xydfVuGsQ58rwfB3wEnmc88ElsiOSL46g/xwju/gwXpFTy1qvir/r11FNeKrqLSy0U/wzqugD9x2Df4acv/ucg2b4EyUYQBEEQBEEQBEEQBEEQBEEQBEEQBEEQBEEQBEEQBEEQBEEQBEEQBEEQBEH8m/wfbu+UVB3hRPoAAAAASUVORK5CYII=', '229000.00', '179000.00', 'ADVANCED', 'Frontend Development', 'Đình Phúc', '1200', '20', '1', '0', '4.9', '29', '2026-06-19 18:58:00', '2026-06-19 19:50:34'),
('20', 'Cấu trúc dữ liệu và giải thuật với JavaScript', 'cau-truc-du-lieu-va-giai-thuat-voi-javascript', 'Rèn luyện tư duy giải thuật qua mảng, danh sách liên kết, cây, đồ thị và bài toán thực tế.', 'https://s3-hfx03.fptcloud.com/codelearnstorage/files/thumbnails/cau-truc-du-lieu-va-giai-thuat_ef33392c074c4cd29a9892f11abbc2bc.png', '249000.00', '199000.00', 'INTERMEDIATE', 'Computer Science', 'Nhật Minh', '1500', '25', '1', '0', '4.8', '43', '2026-06-19 18:58:00', '2026-06-19 19:43:13'),
('21', 'Bảo mật ứng dụng Web căn bản', 'bao-mat-ung-dung-web-can-ban', 'Nhận biết và phòng chống SQL Injection, XSS, CSRF cùng các lỗ hổng web phổ biến.', 'https://static.vncdn.vn/vnetwork.vn/pub/websites/uploads/1/35/bao-mat-website-la-gi.jpg', '269000.00', '219000.00', 'INTERMEDIATE', 'Cyber Security', 'Trọng Nghĩa', '1260', '21', '1', '0', '4.9', '27', '2026-06-19 18:58:00', '2026-06-19 19:49:57'),
('22', 'Thiết kế RESTful API chuyên nghiệp', 'thiet-ke-restful-api-chuyen-nghiep', 'Thiết kế API nhất quán, xác thực, phân trang, xử lý lỗi và viết tài liệu OpenAPI.', 'https://encrypted-tbn0.gstatic.com/images?q=tbn:ANd9GcSPsj-fi1IfUFzDzaagqsTi69bDJf55hlFiFA&s', '219000.00', '169000.00', 'INTERMEDIATE', 'Backend Development', 'Anh Khoa', '1080', '18', '1', '0', '4.7', '24', '2026-06-19 18:58:00', '2026-06-19 19:44:12'),
('23', 'Kiểm thử Web với PHPUnit và Playwright', 'kiem-thu-web-voi-phpunit-va-playwright', 'Xây dựng unit test, integration test và kiểm thử giao diện tự động cho ứng dụng web.', 'https://academy.betterbytesvn.com/wp-content/uploads/2025/04/playwright-logo.png', '259000.00', '209000.00', 'ADVANCED', 'Software Testing', 'Yến Nhi', '1320', '22', '1', '0', '4.8', '26', '2026-06-19 18:58:00', '2026-06-19 20:02:51');

DROP TABLE IF EXISTS `enrollments`;
CREATE TABLE `enrollments` (
  `id` int NOT NULL AUTO_INCREMENT,
  `user_id` int NOT NULL,
  `course_id` int NOT NULL,
  `enrolled_at` timestamp NULL DEFAULT CURRENT_TIMESTAMP,
  `progress` double DEFAULT '0',
  `completed_at` timestamp NULL DEFAULT NULL,
  `active` tinyint(1) DEFAULT '1',
  PRIMARY KEY (`id`),
  UNIQUE KEY `user_id` (`user_id`,`course_id`),
  KEY `course_id` (`course_id`),
  CONSTRAINT `enrollments_ibfk_1` FOREIGN KEY (`user_id`) REFERENCES `users` (`id`) ON DELETE CASCADE,
  CONSTRAINT `enrollments_ibfk_2` FOREIGN KEY (`course_id`) REFERENCES `courses` (`id`) ON DELETE CASCADE
) ENGINE=InnoDB AUTO_INCREMENT=9 DEFAULT CHARSET=utf8mb4 COLLATE=utf8mb4_unicode_ci;

INSERT INTO `enrollments` (`id`, `user_id`, `course_id`, `enrolled_at`, `progress`, `completed_at`, `active`) VALUES
('5', '3', '1', '2026-06-12 12:02:28', '0', NULL, '1'),
('8', '3', '2', '2026-06-19 14:25:39', '33.33', NULL, '1');

DROP TABLE IF EXISTS `lesson_notes`;
CREATE TABLE `lesson_notes` (
  `id` int NOT NULL AUTO_INCREMENT,
  `user_id` int NOT NULL,
  `lesson_id` int NOT NULL,
  `content` text COLLATE utf8mb4_unicode_ci NOT NULL,
  `video_position` int NOT NULL DEFAULT '0',
  `created_at` timestamp NULL DEFAULT CURRENT_TIMESTAMP,
  `updated_at` timestamp NULL DEFAULT CURRENT_TIMESTAMP ON UPDATE CURRENT_TIMESTAMP,
  PRIMARY KEY (`id`),
  KEY `user_lesson` (`user_id`,`lesson_id`),
  KEY `lesson_id` (`lesson_id`),
  CONSTRAINT `lesson_notes_lesson_fk` FOREIGN KEY (`lesson_id`) REFERENCES `lessons` (`id`) ON DELETE CASCADE,
  CONSTRAINT `lesson_notes_user_fk` FOREIGN KEY (`user_id`) REFERENCES `users` (`id`) ON DELETE CASCADE
) ENGINE=InnoDB AUTO_INCREMENT=6 DEFAULT CHARSET=utf8mb4 COLLATE=utf8mb4_unicode_ci;

INSERT INTO `lesson_notes` (`id`, `user_id`, `lesson_id`, `content`, `video_position`, `created_at`, `updated_at`) VALUES
('4', '3', '5', 'Hiểu cơ bản về PHP', '2', '2026-06-20 00:29:28', '2026-06-20 00:40:20'),
('5', '3', '5', 'Rất hay', '3', '2026-06-20 00:52:16', '2026-06-20 00:52:16');

DROP TABLE IF EXISTS `lesson_progress`;
CREATE TABLE `lesson_progress` (
  `id` int NOT NULL AUTO_INCREMENT,
  `user_id` int NOT NULL,
  `lesson_id` int NOT NULL,
  `completed` tinyint(1) NOT NULL DEFAULT '0',
  `video_position` int NOT NULL DEFAULT '0',
  `last_watched_at` timestamp NULL DEFAULT CURRENT_TIMESTAMP,
  `completed_at` timestamp NULL DEFAULT NULL,
  `updated_at` timestamp NULL DEFAULT CURRENT_TIMESTAMP ON UPDATE CURRENT_TIMESTAMP,
  PRIMARY KEY (`id`),
  UNIQUE KEY `user_lesson` (`user_id`,`lesson_id`),
  KEY `lesson_id` (`lesson_id`),
  CONSTRAINT `lesson_progress_lesson_fk` FOREIGN KEY (`lesson_id`) REFERENCES `lessons` (`id`) ON DELETE CASCADE,
  CONSTRAINT `lesson_progress_user_fk` FOREIGN KEY (`user_id`) REFERENCES `users` (`id`) ON DELETE CASCADE
) ENGINE=InnoDB AUTO_INCREMENT=266 DEFAULT CHARSET=utf8mb4 COLLATE=utf8mb4_unicode_ci;

INSERT INTO `lesson_progress` (`id`, `user_id`, `lesson_id`, `completed`, `video_position`, `last_watched_at`, `completed_at`, `updated_at`) VALUES
('3', '3', '5', '1', '0', '2026-06-20 02:01:13', '2026-06-20 00:25:25', '2026-06-20 02:01:13'),
('30', '3', '6', '0', '0', '2026-06-19 21:24:51', NULL, '2026-06-19 21:24:51'),
('245', '3', '1', '0', '0', '2026-06-20 00:40:56', NULL, '2026-06-20 00:40:56');

DROP TABLE IF EXISTS `lessons`;
CREATE TABLE `lessons` (
  `id` int NOT NULL AUTO_INCREMENT,
  `course_id` int NOT NULL,
  `title` varchar(255) COLLATE utf8mb4_unicode_ci NOT NULL,
  `description` text COLLATE utf8mb4_unicode_ci,
  `video_url` text COLLATE utf8mb4_unicode_ci,
  `duration` int DEFAULT NULL,
  `order_index` int NOT NULL,
  `is_free` tinyint(1) DEFAULT '0',
  `created_at` timestamp NULL DEFAULT CURRENT_TIMESTAMP,
  `updated_at` timestamp NULL DEFAULT CURRENT_TIMESTAMP ON UPDATE CURRENT_TIMESTAMP,
  PRIMARY KEY (`id`),
  KEY `course_id` (`course_id`),
  CONSTRAINT `lessons_ibfk_1` FOREIGN KEY (`course_id`) REFERENCES `courses` (`id`) ON DELETE CASCADE
) ENGINE=InnoDB AUTO_INCREMENT=14 DEFAULT CHARSET=utf8mb4 COLLATE=utf8mb4_unicode_ci;

INSERT INTO `lessons` (`id`, `course_id`, `title`, `description`, `video_url`, `duration`, `order_index`, `is_free`, `created_at`, `updated_at`) VALUES
('1', '1', 'Bài 1: Tổng quan về thế giới lập trình Web', 'Chào mừng bạn đến với khóa học. Bài học này sẽ giới thiệu cho bạn định hướng trở thành Web Developer.', 'https://interactive-examples.mdn.mozilla.net/media/cc0-videos/flower.mp4', '15', '1', '1', '2026-05-31 15:00:17', '2026-06-20 00:25:05'),
('2', '1', 'Bài 2: HTML5 là gì? Các thẻ cơ bản cần biết', 'Hướng dẫn chi tiết cách tạo trang HTML đầu tiên và cách sử dụng các thẻ div, p, headings, a, img.', 'https://interactive-examples.mdn.mozilla.net/media/cc0-videos/flower.mp4', '25', '2', '0', '2026-05-31 15:00:17', '2026-06-20 00:25:05'),
('3', '1', 'Bài 3: Tạo kiểu cho trang web bằng CSS3', 'Học cách đổi màu sắc, điều chỉnh font chữ, kích thước, khoảng cách margin và padding trong CSS.', 'https://interactive-examples.mdn.mozilla.net/media/cc0-videos/flower.mp4', '35', '3', '0', '2026-05-31 15:00:17', '2026-06-20 00:25:05'),
('4', '1', 'Bài 4: Bố cục Layout nâng cao với Flexbox', 'Sử dụng Flexbox để dàn trang responsive một cách dễ dàng và nhanh chóng.', 'https://interactive-examples.mdn.mozilla.net/media/cc0-videos/flower.mp4', '40', '4', '0', '2026-05-31 15:00:17', '2026-06-20 00:25:05'),
('5', '2', 'Bài 1: Giới thiệu về PHP và XAMPP', 'Cách cài đặt XAMPP để chạy localhost phục vụ cho việc học và lập trình PHP trên máy tính cá nhân.', 'https://interactive-examples.mdn.mozilla.net/media/cc0-videos/flower.mp4', '20', '1', '1', '2026-05-31 15:00:17', '2026-06-20 00:25:05'),
('6', '2', 'Bài 2: Cú pháp PHP cơ bản và Kiểu dữ liệu', 'Làm quen với biến, hằng, câu điều kiện if-else, vòng lặp for và while trong PHP.', 'https://interactive-examples.mdn.mozilla.net/media/cc0-videos/flower.mp4', '30', '2', '0', '2026-05-31 15:00:17', '2026-06-20 00:25:05'),
('7', '2', 'Bài 3: Kết nối cơ sở dữ liệu MySQL bằng PDO', 'Cách kết nối an toàn bảo mật, chống SQL Injection với PDO của PHP.', 'https://interactive-examples.mdn.mozilla.net/media/cc0-videos/flower.mp4', '45', '3', '0', '2026-05-31 15:00:17', '2026-06-20 00:25:05'),
('8', '3', 'Bài 1: Tại sao lại là ReactJS & Spring Boot?', 'Phân tích kiến trúc Single Page Application (SPA) kết hợp RESTful API.', 'https://interactive-examples.mdn.mozilla.net/media/cc0-videos/flower.mp4', '22', '1', '1', '2026-05-31 15:00:17', '2026-06-20 00:25:05'),
('9', '3', 'Bài 2: Khởi tạo Project Spring Boot đầu tiên', 'Hướng dẫn sử dụng Spring Initializr để tạo một ứng dụng Maven Boot.', 'https://interactive-examples.mdn.mozilla.net/media/cc0-videos/flower.mp4', '35', '2', '0', '2026-05-31 15:00:17', '2026-06-20 00:25:05');

DROP TABLE IF EXISTS `order_items`;
CREATE TABLE `order_items` (
  `id` int NOT NULL AUTO_INCREMENT,
  `order_id` int NOT NULL,
  `course_id` int NOT NULL,
  `course_name` varchar(255) COLLATE utf8mb4_unicode_ci NOT NULL,
  `price` decimal(10,2) NOT NULL,
  `original_price` decimal(10,2) NOT NULL,
  PRIMARY KEY (`id`),
  KEY `order_id` (`order_id`),
  KEY `course_id` (`course_id`),
  CONSTRAINT `order_items_ibfk_1` FOREIGN KEY (`order_id`) REFERENCES `orders` (`id`) ON DELETE CASCADE,
  CONSTRAINT `order_items_ibfk_2` FOREIGN KEY (`course_id`) REFERENCES `courses` (`id`) ON DELETE CASCADE
) ENGINE=InnoDB AUTO_INCREMENT=46 DEFAULT CHARSET=utf8mb4 COLLATE=utf8mb4_unicode_ci;

INSERT INTO `order_items` (`id`, `order_id`, `course_id`, `course_name`, `price`, `original_price`) VALUES
('13', '13', '1', 'Lập trình Web toàn diện với HTML, CSS và JavaScript', '99000.00', '129000.00'),
('45', '44', '2', 'Lập trình PHP & MySQL từ cơ bản đến nâng cao', '100000.00', '120000.00');

DROP TABLE IF EXISTS `orders`;
CREATE TABLE `orders` (
  `id` int NOT NULL AUTO_INCREMENT,
  `order_number` varchar(100) COLLATE utf8mb4_unicode_ci NOT NULL,
  `user_id` int NOT NULL,
  `total_amount` decimal(10,2) NOT NULL,
  `status` varchar(50) COLLATE utf8mb4_unicode_ci DEFAULT 'PENDING',
  `payment_method` varchar(50) COLLATE utf8mb4_unicode_ci NOT NULL,
  `payment_transaction_id` varchar(255) COLLATE utf8mb4_unicode_ci DEFAULT NULL,
  `momo_order_id` varchar(255) COLLATE utf8mb4_unicode_ci DEFAULT NULL,
  `momo_request_id` varchar(255) COLLATE utf8mb4_unicode_ci DEFAULT NULL,
  `momo_transaction_id` varchar(255) COLLATE utf8mb4_unicode_ci DEFAULT NULL,
  `created_at` timestamp NULL DEFAULT CURRENT_TIMESTAMP,
  `paid_at` timestamp NULL DEFAULT NULL,
  `updated_at` timestamp NULL DEFAULT CURRENT_TIMESTAMP ON UPDATE CURRENT_TIMESTAMP,
  PRIMARY KEY (`id`),
  UNIQUE KEY `order_number` (`order_number`),
  KEY `user_id` (`user_id`),
  CONSTRAINT `orders_ibfk_1` FOREIGN KEY (`user_id`) REFERENCES `users` (`id`) ON DELETE CASCADE
) ENGINE=InnoDB AUTO_INCREMENT=46 DEFAULT CHARSET=utf8mb4 COLLATE=utf8mb4_unicode_ci;

INSERT INTO `orders` (`id`, `order_number`, `user_id`, `total_amount`, `status`, `payment_method`, `payment_transaction_id`, `momo_order_id`, `momo_request_id`, `momo_transaction_id`, `created_at`, `paid_at`, `updated_at`) VALUES
('13', 'LH-260612-8463', '3', '99000.00', 'COMPLETED', 'MOMO', '4761180837', 'LH-260612-8463-260612070145-859424', '13_260612070145-859424', '4761180837', '2026-06-12 12:01:45', '2026-06-12 12:02:28', '2026-06-12 12:02:28'),
('44', 'LH-260619-3742', '3', '100000.00', 'COMPLETED', 'MOMO', NULL, 'LH-260619-3742-260619142250-b8002c', '44_260619142250-b8002c', NULL, '2026-06-19 14:22:50', '2026-06-19 14:25:39', '2026-06-20 01:49:11');

DROP TABLE IF EXISTS `user_roles`;
CREATE TABLE `user_roles` (
  `user_id` int NOT NULL,
  `role` varchar(50) COLLATE utf8mb4_unicode_ci NOT NULL,
  PRIMARY KEY (`user_id`,`role`),
  CONSTRAINT `user_roles_ibfk_1` FOREIGN KEY (`user_id`) REFERENCES `users` (`id`) ON DELETE CASCADE
) ENGINE=InnoDB DEFAULT CHARSET=utf8mb4 COLLATE=utf8mb4_unicode_ci;

INSERT INTO `user_roles` (`user_id`, `role`) VALUES
('2', 'ROLE_USER'),
('3', 'ROLE_ADMIN'),
('3', 'ROLE_USER'),
('4', 'ROLE_USER'),
('5', 'ROLE_USER'),
('6', 'ROLE_USER'),
('7', 'ROLE_USER'),
('8', 'ROLE_USER'),
('9', 'ROLE_USER'),
('10', 'ROLE_USER'),
('11', 'ROLE_USER'),
('12', 'ROLE_USER'),
('13', 'ROLE_USER'),
('14', 'ROLE_USER'),
('15', 'ROLE_USER'),
('16', 'ROLE_USER'),
('17', 'ROLE_USER'),
('18', 'ROLE_USER'),
('19', 'ROLE_USER'),
('20', 'ROLE_USER'),
('21', 'ROLE_USER'),
('22', 'ROLE_USER'),
('23', 'ROLE_USER'),
('24', 'ROLE_USER');

DROP TABLE IF EXISTS `users`;
CREATE TABLE `users` (
  `id` int NOT NULL AUTO_INCREMENT,
  `email` varchar(255) COLLATE utf8mb4_unicode_ci NOT NULL,
  `password` varchar(255) COLLATE utf8mb4_unicode_ci NOT NULL,
  `full_name` varchar(255) COLLATE utf8mb4_unicode_ci NOT NULL,
  `phone` varchar(20) COLLATE utf8mb4_unicode_ci DEFAULT NULL,
  `avatar` text COLLATE utf8mb4_unicode_ci,
  `active` tinyint(1) DEFAULT '1',
  `created_at` timestamp NULL DEFAULT CURRENT_TIMESTAMP,
  `updated_at` timestamp NULL DEFAULT CURRENT_TIMESTAMP ON UPDATE CURRENT_TIMESTAMP,
  PRIMARY KEY (`id`),
  UNIQUE KEY `email` (`email`)
) ENGINE=InnoDB AUTO_INCREMENT=25 DEFAULT CHARSET=utf8mb4 COLLATE=utf8mb4_unicode_ci;

INSERT INTO `users` (`id`, `email`, `password`, `full_name`, `phone`, `avatar`, `active`, `created_at`, `updated_at`) VALUES
('2', 'student@learnhub.com', '$2y$10$Vn3kFsq9D.MU4gNTTx6JXeeczj12KPp244TG8avqgLUnpS3X5UGf2', 'Học Viên', '0987654321', 'https://api.dicebear.com/7.x/adventurer/svg?seed=student', '1', '2026-05-31 15:00:17', '2026-06-13 17:48:26'),
('3', 'khanggolder2209@gmail.com', '$2y$10$0sNYdUl2JZW3q6zTahh8iOJMBNK.0LGuGQ3gZwRMoCxVoQfqk294y', 'Nguyễn Duy Khang', '0123456', 'https://api.dicebear.com/7.x/adventurer/svg?seed=Nguy%E1%BB%85n+Duy+Khang', '1', '2026-05-31 15:27:08', '2026-06-13 13:11:55'),
('4', 'minhanh.demo@learnhub.com', '$2y$10$1M2ad5uj8qNlrqHi.MeAweByltV87qixi1dbgsx4g60TxkX7Lolgm', 'Nguyễn Minh Anh', '0901234567', 'https://api.dicebear.com/7.x/adventurer/svg?seed=Nguyen+Minh+Anh', '1', '2026-06-19 19:10:51', '2026-06-19 19:15:24'),
('5', 'hocvien01@learnhub.vn', '$2y$10$gtYpgAZBWsuPCAL4/Ef3oOkVCJbHD0zHjT/xXcFyFGZCl6AQzHdYi', 'Nguyễn Minh An', '0901000001', 'https://api.dicebear.com/7.x/adventurer/svg?seed=Nguy%3Fn%20Minh%20Anh', '1', '2026-06-19 19:12:03', '2026-06-19 19:16:15'),
('6', 'hocvien02@learnhub.vn', '$2y$10$gtYpgAZBWsuPCAL4/Ef3oOkVCJbHD0zHjT/xXcFyFGZCl6AQzHdYi', 'Trần Quốc Bảo', '0901000002', 'https://api.dicebear.com/7.x/adventurer/svg?seed=Tr%3Fn%20Qu%3Fc%20B%3Fo', '1', '2026-06-19 19:12:03', '2026-06-19 19:16:04'),
('7', 'hocvien03@learnhub.vn', '$2y$10$gtYpgAZBWsuPCAL4/Ef3oOkVCJbHD0zHjT/xXcFyFGZCl6AQzHdYi', 'Lê Hoàng Nam', '0901000003', 'https://api.dicebear.com/7.x/adventurer/svg?seed=L%3F%20Ho%3Fng%20Nam', '1', '2026-06-19 19:12:03', '2026-06-19 19:16:31'),
('8', 'hocvien04@learnhub.vn', '$2y$10$gtYpgAZBWsuPCAL4/Ef3oOkVCJbHD0zHjT/xXcFyFGZCl6AQzHdYi', 'Phạm Thu Trang', '0901000004', 'https://api.dicebear.com/7.x/adventurer/svg?seed=Ph%3Fm%20Thu%20Trang', '1', '2026-06-19 19:12:03', '2026-06-19 19:16:50'),
('9', 'hocvien05@learnhub.vn', '$2y$10$gtYpgAZBWsuPCAL4/Ef3oOkVCJbHD0zHjT/xXcFyFGZCl6AQzHdYi', 'Võ Huy', '0901000005', 'https://api.dicebear.com/7.x/adventurer/svg?seed=V%3F%20%3F%3Fc%20Huy', '1', '2026-06-19 19:12:03', '2026-06-19 19:17:03'),
('10', 'hocvien06@learnhub.vn', '$2y$10$gtYpgAZBWsuPCAL4/Ef3oOkVCJbHD0zHjT/xXcFyFGZCl6AQzHdYi', 'Ngọc Linh', '0901000006', 'https://api.dicebear.com/7.x/adventurer/svg?seed=%3F%3Fng%20Ng%3Fc%20Linh', '1', '2026-06-19 19:12:03', '2026-06-19 19:18:16'),
('11', 'hocvien07@learnhub.vn', '$2y$10$gtYpgAZBWsuPCAL4/Ef3oOkVCJbHD0zHjT/xXcFyFGZCl6AQzHdYi', 'Bùi Thanh Tùng', '0901000007', 'https://api.dicebear.com/7.x/adventurer/svg?seed=B%3Fi%20Thanh%20T%3Fng', '1', '2026-06-19 19:12:03', '2026-06-19 19:18:58'),
('12', 'hocvien08@learnhub.vn', '$2y$10$gtYpgAZBWsuPCAL4/Ef3oOkVCJbHD0zHjT/xXcFyFGZCl6AQzHdYi', 'Mai Chi', '0901000008', 'https://api.dicebear.com/7.x/adventurer/svg?seed=%3F%3F%20Mai%20Chi', '1', '2026-06-19 19:12:03', '2026-06-19 19:19:11'),
('13', 'hocvien09@learnhub.vn', '$2y$10$gtYpgAZBWsuPCAL4/Ef3oOkVCJbHD0zHjT/xXcFyFGZCl6AQzHdYi', 'Gia Hân', '0901000009', 'https://api.dicebear.com/7.x/adventurer/svg?seed=H%3F%20Gia%20H%3Fn', '1', '2026-06-19 19:12:03', '2026-06-19 19:40:38'),
('14', 'hocvien10@learnhub.vn', '$2y$10$gtYpgAZBWsuPCAL4/Ef3oOkVCJbHD0zHjT/xXcFyFGZCl6AQzHdYi', 'Nguyễn Nhật Minh', '0901000010', 'https://api.dicebear.com/7.x/adventurer/svg?seed=Ng%3F%20Nh%3Ft%20Minh', '1', '2026-06-19 19:12:03', '2026-06-19 19:40:23'),
('15', 'hocvien11@learnhub.vn', '$2y$10$gtYpgAZBWsuPCAL4/Ef3oOkVCJbHD0zHjT/xXcFyFGZCl6AQzHdYi', 'Đặng Khánh An', '0901000011', 'https://api.dicebear.com/7.x/adventurer/svg?seed=D%3F%3Fng%20Kh%3Fnh%20An', '1', '2026-06-19 19:12:03', '2026-06-19 19:40:08'),
('16', 'hocvien12@learnhub.vn', '$2y$10$gtYpgAZBWsuPCAL4/Ef3oOkVCJbHD0zHjT/xXcFyFGZCl6AQzHdYi', 'Lê Quang Huy', '0901000012', 'https://api.dicebear.com/7.x/adventurer/svg?seed=L%3F%20Quang%20Huy', '1', '2026-06-19 19:12:03', '2026-06-19 19:39:54'),
('17', 'hocvien13@learnhub.vn', '$2y$10$gtYpgAZBWsuPCAL4/Ef3oOkVCJbHD0zHjT/xXcFyFGZCl6AQzHdYi', 'Phan Ý Nhi', '0901000013', 'https://api.dicebear.com/7.x/adventurer/svg?seed=Phan%20Y%3Fn%20Nhi', '1', '2026-06-19 19:12:03', '2026-06-19 19:39:46'),
('18', 'hocvien14@learnhub.vn', '$2y$10$gtYpgAZBWsuPCAL4/Ef3oOkVCJbHD0zHjT/xXcFyFGZCl6AQzHdYi', 'Võ Quang', '0901000014', 'https://api.dicebear.com/7.x/adventurer/svg?seed=V%3F%20H%3Fi%20%3F%3Fng', '1', '2026-06-19 19:12:03', '2026-06-19 19:39:31'),
('19', 'hocvien15@learnhub.vn', '$2y$10$gtYpgAZBWsuPCAL4/Ef3oOkVCJbHD0zHjT/xXcFyFGZCl6AQzHdYi', 'Tạ Phượng Vy', '0901000015', 'https://api.dicebear.com/7.x/adventurer/svg?seed=T%3F%20Ph%3F%3Fng%20Vy', '1', '2026-06-19 19:12:03', '2026-06-19 19:39:19'),
('20', 'hocvien16@learnhub.vn', '$2y$10$gtYpgAZBWsuPCAL4/Ef3oOkVCJbHD0zHjT/xXcFyFGZCl6AQzHdYi', 'Mai Anh Khoa', '0901000016', 'https://api.dicebear.com/7.x/adventurer/svg?seed=Mai%20Anh%20Khoa', '1', '2026-06-19 19:12:03', '2026-06-19 19:12:03'),
('21', 'hocvien17@learnhub.vn', '$2y$10$gtYpgAZBWsuPCAL4/Ef3oOkVCJbHD0zHjT/xXcFyFGZCl6AQzHdYi', 'Cao Tuấn Kiệt', '0901000017', 'https://api.dicebear.com/7.x/adventurer/svg?seed=Cao%20Tu%3Fn%20Ki%3Ft', '1', '2026-06-19 19:12:03', '2026-06-19 19:38:59'),
('22', 'hocvien18@learnhub.vn', '$2y$10$gtYpgAZBWsuPCAL4/Ef3oOkVCJbHD0zHjT/xXcFyFGZCl6AQzHdYi', 'Trịnh Long', '0901000018', 'https://api.dicebear.com/7.x/adventurer/svg?seed=Tr%3Fnh%20B%3Fo%20Long', '1', '2026-06-19 19:12:03', '2026-06-19 19:19:51'),
('23', 'hocvien19@learnhub.vn', '$2y$10$gtYpgAZBWsuPCAL4/Ef3oOkVCJbHD0zHjT/xXcFyFGZCl6AQzHdYi', 'Chu Phước', '0901000019', 'https://api.dicebear.com/7.x/adventurer/svg?seed=Chu%20%3F%3Fnh%20Ph%3Fc', '1', '2026-06-19 19:12:03', '2026-06-19 19:19:36'),
('24', 'hocvien20@learnhub.vn', '$2y$10$gtYpgAZBWsuPCAL4/Ef3oOkVCJbHD0zHjT/xXcFyFGZCl6AQzHdYi', 'Trọng Nghĩa', '0901000020', 'https://api.dicebear.com/7.x/adventurer/svg?seed=L%3Fm%20Tr%3Fng%20Ngh%3Fa', '1', '2026-06-19 19:12:03', '2026-06-19 19:19:23');


INSERT INTO `orders` (`id`, `order_number`, `user_id`, `total_amount`, `status`, `payment_method`, `payment_transaction_id`, `momo_order_id`, `momo_request_id`, `momo_transaction_id`, `created_at`, `paid_at`, `updated_at`) VALUES
('46', 'LH-DEMO-2601-001', '5', '218000.00', 'COMPLETED', 'MOMO', 'DEMO-TXN-001', 'DEMO-MOMO-ORDER-001', 'DEMO-MOMO-REQUEST-001', 'DEMO-MOMO-TRANS-001', '2026-01-08 09:15:00', '2026-01-08 09:17:00', '2026-01-08 09:17:00'),
('47', 'LH-DEMO-2601-002', '6', '199000.00', 'COMPLETED', 'BANK_TRANSFER', 'DEMO-TXN-002', NULL, NULL, NULL, '2026-01-22 14:30:00', '2026-01-22 14:33:00', '2026-01-22 14:33:00'),
('48', 'LH-DEMO-2601-003', '7', '139000.00', 'CANCELLED', 'VNPAY', NULL, NULL, NULL, NULL, '2026-01-28 19:10:00', NULL, '2026-01-28 19:10:00'),
('49', 'LH-DEMO-2602-004', '8', '288000.00', 'COMPLETED', 'CREDIT_CARD', 'DEMO-TXN-004', NULL, NULL, NULL, '2026-02-05 08:45:00', '2026-02-05 08:50:00', '2026-02-05 08:50:00'),
('50', 'LH-DEMO-2602-005', '9', '219000.00', 'COMPLETED', 'PAYPAL', NULL, NULL, NULL, NULL, '2026-02-18 16:20:00', '2026-06-23 00:17:46', '2026-06-23 00:17:46'),
('51', 'LH-DEMO-2603-006', '10', '209000.00', 'COMPLETED', 'MOMO', 'DEMO-TXN-006', 'DEMO-MOMO-ORDER-006', 'DEMO-MOMO-REQUEST-006', 'DEMO-MOMO-TRANS-006', '2026-03-04 10:05:00', '2026-03-04 10:07:00', '2026-03-04 10:07:00'),
('52', 'LH-DEMO-2603-007', '11', '368000.00', 'COMPLETED', 'BANK_TRANSFER', 'DEMO-TXN-007', NULL, NULL, NULL, '2026-03-20 13:40:00', '2026-03-20 13:43:00', '2026-03-20 13:43:00'),
('53', 'LH-DEMO-2603-008', '12', '229000.00', 'CANCELLED', 'VNPAY', NULL, NULL, NULL, NULL, '2026-03-25 20:15:00', NULL, '2026-03-25 20:15:00'),
('54', 'LH-DEMO-2604-009', '13', '239000.00', 'COMPLETED', 'CREDIT_CARD', 'DEMO-TXN-009', NULL, NULL, NULL, '2026-04-07 09:35:00', '2026-04-07 09:40:00', '2026-04-07 09:40:00'),
('55', 'LH-DEMO-2604-010', '14', '318000.00', 'COMPLETED', 'PAYPAL', 'DEMO-TXN-010', NULL, NULL, NULL, '2026-04-19 15:50:00', '2026-04-19 15:56:00', '2026-04-19 15:56:00'),
('56', 'LH-DEMO-2605-011', '15', '129000.00', 'COMPLETED', 'MOMO', 'DEMO-TXN-011', 'DEMO-MOMO-ORDER-011', 'DEMO-MOMO-REQUEST-011', 'DEMO-MOMO-TRANS-011', '2026-05-03 11:25:00', '2026-05-03 11:27:00', '2026-05-03 11:27:00'),
('57', 'LH-DEMO-2605-012', '16', '79000.00', 'CANCELLED', 'BANK_TRANSFER', NULL, NULL, NULL, NULL, '2026-05-15 18:05:00', NULL, '2026-05-15 18:05:00'),
('58', 'LH-DEMO-2605-013', '17', '358000.00', 'COMPLETED', 'VNPAY', 'DEMO-TXN-013', NULL, NULL, NULL, '2026-05-27 08:30:00', '2026-05-27 08:34:00', '2026-05-27 08:34:00'),
('59', 'LH-DEMO-2606-014', '18', '249000.00', 'COMPLETED', 'CREDIT_CARD', 'DEMO-TXN-014', NULL, NULL, NULL, '2026-06-02 10:40:00', '2026-06-02 10:45:00', '2026-06-02 10:45:00'),
('60', 'LH-DEMO-2606-015', '19', '149000.00', 'COMPLETED', 'PAYPAL', NULL, NULL, NULL, NULL, '2026-06-05 14:15:00', '2026-06-23 00:17:43', '2026-06-23 00:17:43'),
('61', 'LH-DEMO-2606-016', '20', '278000.00', 'COMPLETED', 'MOMO', NULL, 'DEMO-MOMO-ORDER-016', 'DEMO-MOMO-REQUEST-016', NULL, '2026-06-08 17:30:00', '2026-06-23 00:17:40', '2026-06-23 00:17:40'),
('62', 'LH-DEMO-2606-017', '21', '199000.00', 'COMPLETED', 'BANK_TRANSFER', 'DEMO-TXN-017', NULL, NULL, NULL, '2026-06-12 09:20:00', '2026-06-12 09:23:00', '2026-06-12 09:23:00'),
('63', 'LH-DEMO-2606-018', '22', '219000.00', 'COMPLETED', 'VNPAY', NULL, NULL, NULL, NULL, '2026-06-16 13:05:00', '2026-06-23 00:17:38', '2026-06-23 00:17:38'),
('64', 'LH-DEMO-2606-019', '23', '268000.00', 'COMPLETED', 'CREDIT_CARD', NULL, NULL, NULL, NULL, '2026-06-20 19:45:00', '2026-06-23 00:17:35', '2026-06-23 00:17:35'),
('65', 'LH-DEMO-2606-020', '24', '209000.00', 'CANCELLED', 'PAYPAL', NULL, NULL, NULL, NULL, '2026-06-22 21:10:00', NULL, '2026-06-22 21:10:00');

INSERT INTO `order_items` (`id`, `order_id`, `course_id`, `course_name`, `price`, `original_price`) VALUES
('46', '46', '4', 'JavaScript hiện đại từ cơ bản đến chuyên sâu', '119000.00', '149000.00'),
('47', '46', '1', 'Lập trình Web toàn diện với HTML, CSS và JavaScript', '99000.00', '129000.00'),
('48', '47', '5', 'ReactJS thực chiến: Xây dựng ứng dụng thương mại điện tử', '199000.00', '259000.00'),
('49', '48', '6', 'Vue.js 3 và Pinia cho người mới bắt đầu', '139000.00', '179000.00'),
('50', '49', '7', 'Node.js và Express: Phát triển REST API', '189000.00', '239000.00'),
('51', '49', '1', 'Lập trình Web toàn diện với HTML, CSS và JavaScript', '99000.00', '129000.00'),
('52', '50', '8', 'Laravel 11: Xây dựng website bán hàng', '219000.00', '279000.00'),
('53', '51', '9', 'Python Django toàn tập', '209000.00', '269000.00'),
('54', '52', '10', 'Java Spring Boot và Microservices', '269000.00', '329000.00'),
('55', '52', '1', 'Lập trình Web toàn diện với HTML, CSS và JavaScript', '99000.00', '129000.00'),
('56', '53', '11', 'ASP.NET Core MVC thực hành', '229000.00', '289000.00'),
('57', '54', '12', 'Flutter: Lập trình ứng dụng đa nền tảng', '239000.00', '299000.00'),
('58', '55', '13', 'React Native từ cơ bản đến thực chiến', '219000.00', '279000.00'),
('59', '55', '1', 'Lập trình Web toàn diện với HTML, CSS và JavaScript', '99000.00', '129000.00'),
('60', '56', '14', 'SQL và thiết kế cơ sở dữ liệu', '129000.00', '169000.00'),
('61', '57', '15', 'Git, GitHub và quy trình làm việc nhóm', '79000.00', '99000.00'),
('62', '58', '16', 'Docker và Kubernetes cho Developer', '259000.00', '319000.00'),
('63', '58', '1', 'Lập trình Web toàn diện với HTML, CSS và JavaScript', '99000.00', '129000.00'),
('64', '59', '17', 'Triển khai ứng dụng trên AWS', '249000.00', '299000.00'),
('65', '60', '18', 'UI UX Design dành cho lập trình viên', '149000.00', '189000.00'),
('66', '61', '19', 'TypeScript chuyên sâu cho dự án lớn', '179000.00', '229000.00'),
('67', '61', '1', 'Lập trình Web toàn diện với HTML, CSS và JavaScript', '99000.00', '129000.00'),
('68', '62', '20', 'Cấu trúc dữ liệu và giải thuật với JavaScript', '199000.00', '249000.00'),
('69', '63', '21', 'Bảo mật ứng dụng Web căn bản', '219000.00', '269000.00'),
('70', '64', '22', 'Thiết kế RESTful API chuyên nghiệp', '169000.00', '219000.00'),
('71', '64', '1', 'Lập trình Web toàn diện với HTML, CSS và JavaScript', '99000.00', '129000.00'),
('72', '65', '23', 'Kiểm thử Web với PHPUnit và Playwright', '209000.00', '259000.00');

INSERT INTO `enrollments` (`id`, `user_id`, `course_id`, `enrolled_at`, `progress`, `completed_at`, `active`) VALUES
('9', '5', '4', '2026-06-23 00:16:18', '0', NULL, '1'),
('10', '5', '1', '2026-06-23 00:16:18', '0', NULL, '1'),
('11', '6', '5', '2026-06-23 00:16:18', '0', NULL, '1'),
('12', '8', '7', '2026-06-23 00:16:18', '0', NULL, '1'),
('13', '8', '1', '2026-06-23 00:16:18', '0', NULL, '1'),
('14', '10', '9', '2026-06-23 00:16:18', '0', NULL, '1'),
('15', '11', '10', '2026-06-23 00:16:18', '0', NULL, '1'),
('16', '11', '1', '2026-06-23 00:16:18', '0', NULL, '1'),
('17', '13', '12', '2026-06-23 00:16:18', '0', NULL, '1'),
('18', '14', '13', '2026-06-23 00:16:18', '0', NULL, '1'),
('19', '14', '1', '2026-06-23 00:16:18', '0', NULL, '1'),
('20', '15', '14', '2026-06-23 00:16:18', '0', NULL, '1'),
('21', '17', '16', '2026-06-23 00:16:18', '0', NULL, '1'),
('22', '17', '1', '2026-06-23 00:16:18', '0', NULL, '1'),
('23', '18', '17', '2026-06-23 00:16:18', '0', NULL, '1'),
('24', '21', '20', '2026-06-23 00:16:18', '0', NULL, '1'),
('25', '23', '22', '2026-06-23 00:17:36', '0', NULL, '1'),
('26', '23', '1', '2026-06-23 00:17:36', '0', NULL, '1'),
('27', '22', '21', '2026-06-23 00:17:38', '0', NULL, '1'),
('28', '20', '19', '2026-06-23 00:17:41', '0', NULL, '1'),
('29', '20', '1', '2026-06-23 00:17:41', '0', NULL, '1'),
('30', '19', '18', '2026-06-23 00:17:43', '0', NULL, '1'),
('31', '9', '8', '2026-06-23 00:17:46', '0', NULL, '1');

UPDATE `courses` c
SET `enrollment_count` = (
    SELECT COUNT(*) FROM `enrollments` e
    WHERE e.`course_id` = c.`id` AND e.`active` = 1
);

SET FOREIGN_KEY_CHECKS = 1;
